actor_id,name
1,50 Cent
2,A Martinez
3,A. Michael Baldwin
4,Aaron Eckhart
5,Aaron Paul
6,Aaron Stanford
7,Abbie Cornish
8,Abby Dalton
9,Abhay Deol
10,Abraham Sofaer
11,Adam Baldwin
12,Adam Beach
13,Adam Hann-Byrd
14,Adam Lavorgna
15,Adam Roarke
16,Adam Sandler
17,Adam Storke
18,Adam Trese
19,Adam West
20,Addison Richards
21,Adele Mara
22,Aden Young
23,Adewale Akinnuoye-Agbaje
24,Adolfo Celi
25,Adolphe Menjou
26,Adrian Dunbar
27,Adrian Pasdar
28,Adrian Zmed
29,Adrien Brody
30,Adrienne Barbeau
31,Adrienne Corri
32,Adrienne King
33,Adrienne Shelly
34,Agatha Hurle
35,Agathe Natanson
36,Agga Olsen
37,Agnes Bruckner
38,Agnes Moorehead
39,Aidan Gould
40,Aidan Quinn
41,Aitana Sánchez-Gijón
42,Akbar Kurtha
43,Ake Nyman
44,Akiko Wakabayashi
45,Akim Tamiroff
46,Akosua Busia
47,Aksel Hennie
48,Al Freeman Jr.
49,Al Jolson
50,Al Pacino
51,Alain Delon
52,Alan Alda
53,Alan Arkin
54,Alan Badel
55,Alan Bates
56,Alan Baxter
57,Alan Cox
58,Alan Cumming
59,Alan Curtis
60,Alan David
61,Alan Fisler
62,Alan Hale
63,Alan King
64,Alan Ladd
65,Alan Marshall
66,Alan Mowbray
67,Alan Napier
68,Alan Randolph Scott
69,Alan Rickman
70,Alan Ruck
71,Alan Webb
72,Alan Young
73,Alastair Sim
74,Albert Brooks
75,Albert Dekker
76,Albert Finney
77,Albert Hall
78,Alberta Watson
79,Alberto De Mendoza
80,Alberto Morin
81,Aldo Giuffrè
82,Aldo Ray
83,Alec Baldwin
84,Alec Cawthorne
85,Alec Clunes
86,Alec Guinness
87,Alec McCowen
88,Alex D. Linz
89,Alex Daniels
90,Alex Haw
91,Alex Hyde-White
92,Alex McArthur
93,Alex Scott
94,Alex Vincent
95,Alexa Davalos
96,Alexa Vega
97,Alexander Fehling
98,Alexander Godunov
99,Alexander Goodwin
100,Alexander Knox
101,Alexander Morton
102,Alexandra Holden
103,Alexia Keogh
104,Alexis Arquette
105,Alexis Cruz
106,Alexis Smith
107,Alexis Zegerman
108,Alfred Molina
109,Alfred Ryder
110,Ali MacGraw
111,Alice Cooper
112,Alice Krige
113,Alicia Silverstone
114,Alicia Witt
115,Alida Valli
116,Aline MacMahon
117,Alisan Porter
118,Alison Doody
119,Alison Eastwood
120,Alison Folland
121,Alison Leggatt
122,Alison Routledge
123,Alison Selford
124,Alison Whelan
125,Allan Jones
126,Allan Melvin
127,Allen Covert
128,Allen Danziger
129,Allen Garfield
130,Allen Jenkins
131,Allen Payne
132,Allison Balson
133,Allison Janney
134,Ally Sheedy
135,Ally Walker
136,Alphonsia Emmanuel
137,Alun Armstrong
138,Alyson Hannigan
139,Alyson Reed
140,Amanda Barrie
141,Amanda Bearse
142,Amanda Bynes
143,Amanda Plummer
144,Amanda Wyss
145,Amber Heard
146,Amber Smith
147,Amber Tamblyn
148,Amrish Puri
149,Amy Adams
150,Amy Brenneman
151,Amy Ingersoll
152,Amy Irving
153,Amy Locane
154,Amy Madigan
155,Amy Robinson
156,Amy Steel
157,Amy Veness
158,Amy Yasbeck
159,Anamaria Marinca
160,Anatoli Davydov
161,Anders Baasmo Christiansen
162,Andersen Gabrych
163,Andie MacDowell
164,Andre Braugher
165,Andre Gregory
166,Andrea Eckert
167,Andrea Marcovicci
168,Andrea Occhipinti
169,Andrea Riseborough
170,Andrea Roth
171,Andrew Cruickshank
172,Andrew Divoff
173,Andrew Duggan
174,Andrew Garfield
175,Andrew Knott
176,Andrew Lauer
177,Andrew McCarthy
178,Andrew Prine
179,Andrew Robinson
180,Andrew Sachs
181,Andrew Stevens
182,Andrzej Seweryn
183,André Morell
184,Andy Dick
185,Andy Garcia
186,Andy Griffith
187,Andy J. Forest
188,Andy Romano
189,Aneta Corsaut
190,Angela Bassett
191,Angela Douglas
192,Angela Featherstone
193,Angela Goethals
194,Angela Lansbury
195,Angelina Jolie
196,Angeline Ball
197,Angelo Rossito
198,Angie Brown
199,Angie Dickinson
200,Angie Everhart
201,Anicée Alvina
202,Anita Briem
203,Anita Ekberg
204,Anjelica Huston
205,Ann Blyth
206,Ann Carter
207,Ann Doran
208,Ann Dvorak
209,Ann Hearn
210,Ann Miller
211,Ann Prentiss
212,Ann Richards
213,Ann Savage
214,Ann Shirley
215,Ann Todd
216,Ann Wedgeworth
217,Ann-Margret
218,Anna Anissimova
219,Anna Chlumsky
220,Anna Friel
221,Anna Karen
222,Anna Karina
223,Anna Massey
224,Anna May Wong
225,Anna Palk
226,Anna Paquin
227,Anna Proclemer
228,Anna-Maria Monticelli
229,Annabella Sciorra
230,Annabeth Gish
231,Anne Archer
232,Anne Bancroft
233,Anne Baxter
234,Anne Brochet
235,Anne Christianson
236,Anne Francis
237,Anne Grey
238,Anne Gwynne
239,Anne Heche
240,Anne Meara
241,Anne Ramsey
242,Anne Revere
243,Anne Suzuki
244,Anne Tenney
245,Anne-Louise Lambert
246,Anne-Marie Kennedy
247,Annette Bening
248,Annette O'Toole
249,Annette O`Toole
250,Annette Woska
251,Annie Corley
252,Annie Golden
253,Annie McEnroe
254,Annie Packert
255,Annie Potts
256,Annie Ross
257,Anny Duperey
258,Anny Ondra
259,Anson Mount
260,Anthony Barrile
261,Anthony Edwards
262,Anthony Fauci
263,Anthony Franciosa
264,Anthony Geary
265,Anthony Heald
266,Anthony Higgins
267,Anthony Hopkins
268,Anthony LaPaglia
269,Anthony Michael Hall
270,Anthony Perkins
271,Anthony Quayle
272,Anthony Quinn
273,Anthony Ross
274,Anthony Simcoe
275,Anthony Zerbe
276,Anton Rodgers
277,Antonio Banderas
278,Antonio Mendoza
279,Antonio Moreno
280,Anya Ormsby
281,Anzac Wallace
282,Apollonia Kotero
283,April Grace
284,Aran Bell
285,Ariane
286,Arielle Kebbel
287,Arleen Whelan
288,Arlene Dahl
289,Arlene Francis
290,Arlo Guthrie
291,Armand Assante
292,Armin Mueller-Stahl
293,Arnold Lucy
294,Arnold Schwarzenegger
295,Arnold Vosloo
296,Arsenio Hall
297,Arsinée Khanjian
298,Art Evans
299,Art Garfunkel (as Arthur Garfunkel)
300,Art LaFleur
301,Art Metrano
302,Arte Johnson
303,Arthur Askey
304,Arthur Chesney
305,Arthur Hill
306,Arthur Hunnicutt
307,Arthur Kennedy
308,Arthur Lake
309,Arthur O'Connell
310,Artie Lange
311,Arturo de Córdova
312,Arye Gross
313,Ash Adams
314,Ashley Greene
315,Ashley Judd
316,Ashley Laurence
317,Ashley Olsen
318,Ashley Peldon
319,Aude Landry
320,Audie Murphy
321,Audra Lindley
322,Audra McDonald
323,Audrey Dalton
324,Audrey Hepburn
325,Audrey Meadows
326,Audrey Totter
327,August Diehl
328,August Schellenberg
329,Augustus Philips
330,Aure Atika
331,Austin Nagler
332,Austin O'Brien
333,Austin Pendleton
334,Ava Gardner
335,Avery Brooks
336,Aya Takanashi
337,B.D. Wong
338,Barbara Bach
339,Barbara Baxley
340,Barbara Bel Geddes
341,Barbara Bosson
342,Barbara Carrera
343,Barbara Crampton
344,Barbara Eden
345,Barbara Feldon
346,Barbara Gordon
347,Barbara Hale
348,Barbara Harris
349,Barbara Hershey
350,Barbara Lindsay
351,Barbara O'Neil
352,Barbara Parkins
353,Barbara Payton
354,Barbara Rush
355,Barbara Shelley
356,Barbara Stanwyck
357,Barbara Sukowa
358,Barbara Tyson
359,Barbara Windsor
360,Barbra Streisand
361,Barnard Hughes
362,Barney
363,Barney Clark
364,Barret Oliver
365,Barry Bostwick
366,Barry Brown
367,Barry Corbin
368,Barry Dennen
369,Barry Fitzgerald
370,Barry Foster
371,Barry Gibb
372,Barry Miller
373,Barry Newman
374,Barry Pepper
375,Barry Primus
376,Bart Burns
377,Barton Heyman
378,Basil Rathbone
379,Basil Sydney
380,Basil Wallace
381,Beatrice Kay
382,Beatrice Pearson
383,Beatrice Straight
384,Beau Bridges
385,Bebe Daniels
386,Bebe Neuwirth
387,Bee Duffell
388,Bel Deliá
389,Bela Lugosi
390,Belinda Bauer
391,Bella Randles
392,Ben Affleck
393,Ben Chaplin
394,Ben Cross
395,Ben Duncan
396,Ben Foster
397,Ben Gazzara
398,Ben Johnson
399,Ben Kingsley
400,Ben Mendelsohn
401,Ben Stiller
402,Benicio Del Toro
403,Benjamin Bratt
404,Benjamin Green
405,Benjamin Hendrickson
406,Bennett Ohta
407,Benno Fürmann
408,Berj Fazalian
409,Bernadette Peters
410,Bernard Cribbins
411,Bernard Fresson
412,Bernard Hill
413,Bernard Lee
414,Bernard Miles
415,Bernie Casey
416,Bernie Coulson
417,Berry Berenson
418,Berry Kroeger
419,Bert Freed
420,Bert Lahr
421,Bert Palmer
422,Bert Remsen
423,Bertrand Bonvoisin
424,Bess Armstrong
425,Bessie Love
426,Bethel Leslie
427,Betsy Baker
428,Betsy Blair
429,Betsy Brantley
430,Betsy Palmer
431,Bette Davis
432,Bette Midler
433,Betty Anne Rees
434,Betty Buckley
435,Betty Grable
436,Betty White
437,Beulah Bondi
438,Beverley Hope Atkinson
439,Beverly Bonner
440,Beverly D'Angelo
441,Beverly Garland
442,Beverly Lunsford
443,Bibi Andersson
444,Biff Manard
445,Biff McGuire
446,Bill Barretta
447,Bill Brochtrup
448,Bill Byrge
449,Bill Campbell
450,Bill Cobbs
451,Bill Coyne
452,Bill Duck
453,Bill Duke
454,Bill Hayes
455,Bill Hunter
456,Bill Kerr
457,Bill Maher
458,Bill McKinney
459,Bill Mumy
460,Bill Murray
461,Bill Nighy
462,Bill Nunn
463,Bill Paxton
464,Bill Pullman
465,Bill Pulmann
466,Bill Thornbury
467,Billie Dove
468,Billie Whitelaw
469,Billy Bob Thornton
470,Billy Chapin
471,Billy Connolly
472,Billy Crudup
473,Billy Crystal
474,Billy Dee Williams
475,Billy Green Bush
476,Billy Jayne
477,Billy Wirth
478,Billy Zane
479,Bin Li
480,Bin Wu
481,Bing Crosby
482,Blair Brown
483,Blythe Danner
484,Bo Derek
485,Bo Hopkins
486,Bob Balaban
487,Bob Gunton
488,Bob Hastings
489,Bob Holt
490,Bob Hope
491,Bob Hoskins
492,Bob Newhart
493,Bob Zmuda
494,Bobby Darin
495,Bobby Di Cicco
496,Bobby Driscoll
497,Bobby Fite
498,Bolo Yeung
499,Bonnie Bartlett
500,Bonnie Bedelia
501,Bonnie Hunt
502,Booker Bradshaw
503,Boris Karloff
504,Boyd Gaines
505,Bożena Dobierzewska
506,Brad Davis
507,Brad Dourif
508,Brad Greenquist
509,Brad Pitt
510,Brad Renfro
511,Bradford Dillman
512,Bradley Gregg
513,Bradley Whitford
514,Brandon De Wilde
515,Brandon Lee
516,Breckin Meyer
517,Brenda Blethyn
518,Brenda De Banzie
519,Brenda Fricker
520,Brenda Marshall
521,Brenda Vaccaro
522,Brendan Fletcher
523,Brendan Fraser
524,Brendan Gleeson
525,Brendan Sexton III
526,Brent Briscoe
527,Brent Hinkley
528,Brent Spiner
529,Brett Halsey
530,Brian Aherne
531,Brian Bennett
532,Brian Blessed
533,Brian Cox
534,Brian Dennehy
535,Brian Donlevy
536,Brian Geraghty
537,Brian Haley
538,Brian Keith
539,Brian Kerwin
540,Brian Narelle
541,Brian O'Halloran
542,Brian Tyler
543,Brian Van Holt
544,Brian Wimmer
545,Brid Brennan
546,Bridget Fonda
547,Bridgette Wilson
548,Brigitte Auber
549,Brigitte Fossey
550,Brigitte Nielsen
551,Brion James
552,Britney Spears
553,Britt Ekland
554,Brittany Murphy
555,Brittany Snow
556,Bronson Pinchot
557,Brooke Adams
558,Brooke Elliott
559,Brooke Shields
560,Bruce Abbott
561,Bruce Bennett
562,Bruce Boxleitner
563,Bruce Cabot
564,Bruce Campbell
565,Bruce Davison
566,Bruce Dern
567,Bruce Gray
568,Bruce Greenwood
569,Bruce Jones
570,Bruce McGill
571,Bruce Spence
572,Bruce Welch
573,Bruce Willis
574,Bruno Kirby
575,Bruno Lawrence
576,Bryan Brown
577,Bryan Cranston
578,Bryan Forbes
579,Bryant Haliday
580,Bubba Smith
581,Buck Henry
582,Bud Cort
583,Bud Tingwell
584,Buddy Ebsen
585,Buddy Hackett
586,Burgess Meredith
587,Burl Ives
588,Burt Kwouk
589,Burt Lancaster
590,Burt Reynolds
591,Burt Young
592,Buster Crabbe
593,Buster Keaton
594,Buzz Kilman
595,Byron Mann
596,C. Aubrey Smith
597,C. Thomas Howell
598,C.W. Mundy
599,Cab Calloway
600,Caerthan Banks
601,Caitlin Clarke
602,Cal Kuniholm
603,Calista Flockhart
604,Callie Thorne
605,Callum Keith Rennie
606,Cameron Bancroft
607,Cameron Bright
608,Cameron Diaz
609,Cameron Mitchell
610,Camilla Belle
611,Camilla Sparv
612,Camille Coduri
613,Campbell Scott
614,Candace Glendenning
615,Candice Bergen
616,Candy Clark
617,Cantinflas
618,Capucine
619,Carey Mulligan
620,Carl Anderson
621,Carl Bradshaw
622,Carl Reiner
623,Carl Weathers
624,Carla Gallo
625,Carla Gugino
626,Carlene Watkins
627,Carlo Giustini
628,Carlos Montalbán
629,Carmen Argenziano
630,Carol Kane
631,Carol Lynley
632,Carol van Herwijnen
633,Carole Bouquet
634,Carole Landis
635,Carole Lombard
636,Caroline Ducey
637,Caroline Goodall
638,Caroline Kava
639,Caroline Langrishe
640,Caroline Munro
641,Caroline Rothwell
642,Carolyn Jones
643,Carolyn Mitchell
644,Carrie Fisher
645,Carrie Henn
646,Carrie Snodgress
647,Carrie-Anne Moss
648,Carroll Baker
649,Carroll O'Connor
650,Cary Elwes
651,Cary Grant
652,Cary-Hiroyuki Tagawa
653,Casey Affleck
654,Casey Siemaszko
655,Casper van Dien
656,Cassandra Peterson
657,Cassy Friel
658,Cate Blanchett
659,Catherine An
660,Catherine Breillat
661,Catherine Deneuve
662,Catherine Hicks
663,Catherine Keener
664,Catherine Mary Stewart
665,Catherine McCormack
666,Catherine O'Hara
667,Catherine Schell
668,Catherine Zeta-Jones
669,Cathy Downs
670,Cathy Moriarty
671,Cathy Tyson
672,Catlin Adams
673,Cecil Kellaway
674,Cecil Parker
675,Cecilia Camacho
676,Cecillia Stark
677,Celeste Holm
678,Celia Johnson
679,Celia Lovsky
680,Cesar Romero
681,Cesare Danova
682,Cesare Doneva
683,Chad Everett
684,Chad Lowe
685,Chaim Girafi
686,Chaney Kley
687,Charlene Holt
688,Charles Aznavour
689,Charles Bickford
690,Charles Boyer
691,Charles Bronson
692,Charles Cioffi
693,Charles Coburn
694,Charles Dance
695,Charles Drake
696,Charles Durning
697,Charles Fleischer
698,Charles Gray
699,Charles Grodin
700,Charles Haid
701,Charles Hallahan
702,Charles Halton
703,Charles Hawtrey
704,Charles Herbert
705,Charles Laughton
706,Charles Martin Smith
707,Charles McGraw
708,Charles Middleton
709,Charles Napier
710,Charles Ogle
711,Charles Ruggles
712,Charles S. Dutton
713,Charles Starrett
714,Charles Vanel
715,Charles Waldron
716,Charley Grapewin
717,Charlie Chaplin
718,Charlie Cox
719,Charlie Korsmo
720,Charlie Sheen
721,Charlie Tanimoto
722,Charlize Theron
723,Charlotte Cornwell
724,Charlotte Lewis
725,Charlotte Rampling
726,Charlton Heston
727,Chazz Dominguez
728,Chazz Palminteri
729,Cheech Marin
730,Chelsea Field
731,Cher
732,Cherie Lunghi
733,Cheryl Campbell
734,Cheryl Ladd
735,Cheryl Pollak
736,Chester Morris
737,Chevy Chase
738,Chi McBride
739,Chiara Mastroianni
740,Chico Marx
741,Chief Dan George
742,Chieko Matsubara
743,Chintara Sukapatana
744,Chips Rafferty
745,Chloe Franks
746,Chloe Moretz
747,Chloe Webb
748,Chloë Sevigny
749,Chow Yun Fat
750,Chris Bauer
751,Chris Cooke
752,Chris Cooper
753,Chris Eigeman
754,Chris Elliott
755,Chris Evans
756,Chris Farley
757,Chris Haywood
758,Chris Isaak
759,Chris Kattan
760,Chris Klein
761,Chris Lemmon
762,Chris Noth
763,Chris O'Donnell
764,Chris O'Neill
765,Chris Owen
766,Chris Parker
767,Chris Pedersen
768,Chris Penn
769,Chris Rock
770,Chris Sarandon
771,Chris Stafford
772,Chris Tucker
773,Christa Denton
774,Christian Bale
775,Christian Slater
776,Christina Applegate
777,Christina Brucato
778,Christina Pickles
779,Christina Ricci
780,Christina Vidal
781,Christine Cavanaugh
782,Christine Elise
783,Christine Kaufmann
784,Christine Lahti
785,Christine Noonan
786,Christine Taylor
787,Christophe Malavoy
788,Christopher Atkins
789,Christopher Cary
790,Christopher Castile
791,Christopher Cazenove
792,Christopher Daniel Barnes
793,Christopher Eccleston
794,Christopher George
795,Christopher Jones
796,Christopher Lambert
797,Christopher Lee
798,Christopher Lloyd
799,Christopher McDonald
800,Christopher Mitchum
801,Christopher Penn
802,Christopher Plummer
803,Christopher Reeve
804,Christopher Stone
805,Christopher Walken
806,Chuck Bush
807,Chuck Connors
808,Chuck Norris
809,Chuck Schoville
810,Ciarán Hinds
811,Cillian Murphy
812,Cindy Morgan
813,Cindy Pickett
814,Cindy Williams
815,Claire Bloom
816,Claire Danes
817,Claire Forlani
818,Claire Trevor
819,Clancy Brown
820,Clare Higgins
821,Clarence Felder
822,Clark Gable
823,Claude Akins
824,Claude Atkins
825,Claude Atkuns
826,Claude Dauphin
827,Claude Earl Jones
828,Claude Gensac
829,Claude Jade
830,Claude Jarman Jr.
831,Claude Rains
832,Claude Rich
833,Claudette Colbert
834,Claudia Barrett
835,Claudia Cardinale
836,Claudia Christian
837,Claudia Drake
838,Claudia Stedelin
839,Claudine Auger
840,Claudine Longet
841,Clayton Rohner
842,Clea DuVall
843,Cleavon Little
844,Clelia Matania
845,Cliff De Young
846,Cliff Gorman
847,Cliff Osmond
848,Cliff Potts
849,Cliff Richard
850,Cliff Robertson
851,Clifton Collins Jr.
852,Clifton James
853,Clifton Webb
854,Clint Eastwood
855,Clint Walker
856,Clive Brook
857,Clive Owen
858,Clive Revill
859,Clive Russell
860,Cloris Leachman
861,Cole Hauser
862,Cole Sprouse
863,Coleen Gray
864,Colin Farrell
865,Colin Firth
866,Colin Friels
867,Colleen Camp
868,Colleen Dewhurst
869,Colleen Rennison
870,Colm Meaney
871,Connie Mason
872,Connie Nielsen
873,Connie Scott
874,Conny Van Dyke
875,Conrad Veidt
876,Constance Collier
877,Constance Cummings
878,Constance Marie
879,Constance Towers
880,Cora Witherspoon
881,Corbin Bernsen
882,Corey Feldman
883,Corey Haim
884,Corin Redgrave
885,Corinne Clery
886,Cornel Wilde
887,Cory Danziger
888,Courteney Cox
889,Courtney B. Vance
890,Courtney Chase
891,Courtney Love
892,Craig Bierko
893,Craig Chester
894,Craig Ferguson
895,Craig Kelly
896,Craig Olejnik
897,Craig Reay
898,Craig Sheffer
899,Craig Smith
900,Craig Stevens
901,Craig T. Nelson
902,Craig Vandenburgh
903,Craig Warnock
904,Craig Wasson
905,Crispin Glover
906,Cristi Harris
907,Cuba Gooding Jr.
908,Curd Jürgens
909,Cybill Shepherd
910,Cyd Charisse
911,Cylk Cozart
912,Cynthia Myers
913,Cynthia Patrick
914,Cynthia Rhodes
915,Cynthia Stevenson
916,Cyril Cusack
917,Cyril McLagian
918,Cyril O'Reilly
919,Céline Lomez
920,D.B. Sweeney
921,D.J. Cotrona
922,D.W. Moffett
923,Dabney Coleman
924,Daisy Eagan
925,Daisy the Dog
926,Dale Midkiff
927,Dale Robertson
928,Daliah Lavi
929,Dallas Roberts
930,Dame May Whitty
931,Damian Chapa
932,Damon Wayans
933,Damon Wimbley
934,Dan Aykroyd
935,Dan Duryea
936,Dan Hedaya
937,Dan Hicks
938,Dan Monahan
939,Dan Moran
940,Dan O'Herlihy
941,Dan O`Bannon
942,Dan O`Herlihy
943,Dana Andrews
944,Dana Carvey
945,Dana Davis
946,Dana Delany
947,Dana Hill
948,Dana Wheeler-Nicholson
949,Dana Wynter
950,Daniel Baldwin
951,Daniel Benzali
952,Daniel Briquet
953,Daniel Brühl
954,Daniel Craig
955,Daniel Day-Lewis
956,Daniel Hugh Kelly
957,Daniel Okrent
958,Daniel Olbrychski
959,Daniel Pollock
960,Daniel Shalikar
961,Daniel Southern
962,Daniel Stern
963,Daniel von Bargen
964,Daniela Bianchi
965,Danielle Panabaker
966,Danielle von Zerneck
967,Danny Aiello
968,Danny De La Paz
969,Danny DeVito
970,Danny Dyer
971,Danny Glover
972,Danny Huston
973,Danny Kaye
974,Danny Lloyd
975,Danny Mann
976,Danny McCarthy
977,Danny Mummert
978,Danny Pintauro
979,Danny Schiller
980,Danny Trejo
981,Dany Robin
982,Daphne Anderson
983,Daphne Zuniga
984,Daria Halprin
985,Daria Nicolodi
986,Darin Heames
987,Darla Hood
988,Darlene Cates
989,Darren Dalton
990,Darren McGavin
991,Darren Robinson
992,Darwyn Carson
993,Daryl Hannah
994,Dave Chappelle
995,Dave Goelz
996,David Alan Grier
997,David Andrews
998,David Arkin
999,David Arnott
1000,David Arquette
1001,David Bennent
1002,David Bowe
1003,David Bowie
1004,David Carradine
1005,David Caruso
1006,David Clennon
1007,David Colin Jr.
1008,David Conrad
1009,David Della Rocco
1010,David Duchovny
1011,David Emge
1012,David Essex
1013,David Farrar
1014,David Frankham
1015,David Gale
1016,David Gallagher
1017,David Gant
1018,David Graf
1019,David Gulpilil
1020,David Hedison
1021,David Hemmings
1022,David Huffman
1023,David Janssen
1024,David Keith
1025,David Kelly
1026,David Kossoff
1027,David Labiosa
1028,David Manners
1029,David Margulies
1030,David Marshall Grant
1031,David McCallum
1032,David McKay
1033,David Michael Williamson
1034,David Miller
1035,David Morse
1036,David Naughton
1037,David Niven
1038,David Proval
1039,David Prowse
1040,David Rappaport
1041,David Rott
1042,David Samson
1043,David Schwimmer
1044,David Soul
1045,David Spade
1046,David Strathairn
1047,David Tennant
1048,David Thewlis
1049,David Tomlinson
1050,David Tress
1051,David Warner
1052,David Wayne
1053,David Wenham
1054,David Wood
1055,Dawn Anderson
1056,Dayle Haddon
1057,DeForest Kelly
1058,Dean Cain
1059,Dean Jagger
1060,Dean Jones
1061,Dean Martin
1062,Dean Stockwell
1063,Debbie Reynolds
1064,Debi Mazar
1065,Deborah Ann Woll
1066,Deborah Harry
1067,Deborah Kara Unger
1068,Deborah Kerr
1069,Deborah Moore
1070,Deborah Rennard
1071,Deborah Richter
1072,Deborah Shelton
1073,Deborah Walley
1074,Deborra-Lee Furness
1075,Debra Deliso
1076,Debra Feuer
1077,Debra Paget
1078,Debra Winger
1079,Dee Wallace-Stone
1080,Deep Roy
1081,Delia Boccardo
1082,Delle Bolton
1083,Delphine Seyrig
1084,Delroy Lindo
1085,Demi Moore
1086,Denholm Elliott
1087,Denis Lawson
1088,Denis Leary
1089,Denis O'Hare
1090,Denise Crosby
1091,Denise Darcel
1092,Denise Richards
1093,Dennis Busch
1094,Dennis Dugan
1095,Dennis Dun
1096,Dennis Farina
1097,Dennis Franz
1098,Dennis Haysbert
1099,Dennis Hoey
1100,Dennis Hopper
1101,Dennis King
1102,Dennis Lotis
1103,Dennis Miller
1104,Dennis Morgan
1105,Dennis O'Keefe
1106,Dennis Price
1107,Dennis Quaid
1108,Dennis Rodman
1109,Dennis Storhøi
1110,Dennis Weaver
1111,Denver Pyle
1112,Denys Hawthorne
1113,Denzel Washington
1114,Derek Bond
1115,Derek Elphinstone
1116,Derek Jacobi
1117,Derek de Lint
1118,Dermot Mulroney
1119,Derrick De Marney
1120,Des McAleer
1121,Desmond Tester
1122,Dexter Fletcher
1123,Diana Dors
1124,Diana Körner
1125,Diana Rigg
1126,Diana Ross
1127,Diane Baker
1128,Diane Clare
1129,Diane Keaton
1130,Diane Kruger
1131,Diane Ladd
1132,Diane Lane
1133,Diane Pershing
1134,Diane Salinger
1135,Diane Varsi
1136,Diane Venora
1137,Dianna Agron
1138,Dianne Wiest
1139,Dick Foran
1140,Dick Haymes
1141,Dick Powell
1142,Dick Rude
1143,Dick Sargent
1144,Dick Shawn
1145,Dick Van Dyke
1146,Dick York
1147,Dick van Dyke
1148,Diedrich Bader
1149,Diego Sieres
1150,Dina Merrill
1151,Dina Meyer
1152,Dirk Bogarde
1153,Diva Gray
1154,Divine
1155,Djiby Soumare
1156,Djimon Hounsou
1157,Do Thi Hai Yen
1158,Dobrosław Mater
1159,Dolly Parton
1160,Dolly Read
1161,Dolores Costello
1162,Dolores Dorn
1163,Dolores Gray
1164,Dolores Moran
1165,Dolph Lundgren
1166,Dom DeLuise
1167,Dominic Purcell
1168,Dominique Dunne
1169,Dominique Pinon
1170,Dominique Sanda
1171,Dominique Swain
1172,Don Alder
1173,Don Alvarado
1174,Don Ameche
1175,Don Borisenko
1176,Don Cheadle
1177,Don DeFore
1178,Don Diamond
1179,Don Dillaway
1180,Don Duong
1181,Don Gordon
1182,Don Harvey
1183,Don Johnson
1184,Don McKellar
1185,Don Pedro Colley
1186,Don Rickles
1187,Don Steele
1188,Don Stroud
1189,Don Taylor
1190,Don Thompson
1191,Donal Logue
1192,Donal O'Kelly
1193,Donald Calthrop
1194,Donald Crisp
1195,Donald Curtis
1196,Donald Gibb
1197,Donald Moffat
1198,Donald O'Connor
1199,Donald Pleasence
1200,Donald Sutherland
1201,Donald Wolfit
1202,Donald Woods
1203,Donna Dixon
1204,Donna Reed
1205,Donna Wilkens
1206,Donnie Wahlberg
1207,Donovan Leitch
1208,Dora Bryan
1209,Dorian Harewood
1210,Doris Davenport
1211,Doris Day
1212,Doris Hare
1213,Doris Lloyd
1214,Doro Merande
1215,Dorothy Dandridge
1216,Dorothy Hart
1217,Dorothy Hyson
1218,Dorothy Malone
1219,Dorothy Patrick
1220,Dorothy Provine
1221,Dorothy Tutin
1222,Dorsey Wright
1223,Doug E. Doug
1224,Doug McClure
1225,Doug McKeon
1226,Douglas Fairbanks Jr.
1227,Douglas Fowley
1228,Douglas Spencer
1229,Douglas Wilmer
1230,Dougray Scott
1231,Dre Puhich
1232,Drew Barrymore
1233,Duane Jones
1234,Dudley Moore
1235,Duilio del Prete
1236,Duke Moore
1237,Duncan Regehr
1238,Dustin Hoffman
1239,Dwayne Hickman
1240,Dwayne Johnson
1241,Dwight Frye
1242,Dwight Yoakam
1243,Dyan Cannon
1244,Dyana Ortelli
1245,Dylan Baker
1246,Dylan McDermott
1247,Dylan Walsh
1248,E.G. Marshall
1249,Earl Holliman
1250,Earl Pastko
1251,Earl Rowe
1252,Earle Foxe
1253,Eartha Kitt
1254,Ed Begley
1255,Ed Begley Jr.
1256,Ed Bernard
1257,Ed Flanders
1258,Ed Harris
1259,Ed Lauter
1260,Ed O'Neill
1261,Ed Quinn
1262,Eddie Albert
1263,Eddie Barth
1264,Eddie Firestone
1265,Eddie Griffin
1266,Eddie Marsan
1267,Eddie Mayehoff
1268,Eddie Murphy
1269,Eddie ›Rochester‹ Anderson
1270,Edgar Allan Woolf
1271,Edgar Buchanan
1272,Edgar Kennedy
1273,Edie Adams
1274,Edie Falco
1275,Edith Evans
1276,Edith Massey
1277,Edmond O'Brien
1278,Edmond O`Brian
1279,Edmund Breon
1280,Edmund Gwenn
1281,Edmund MacDonald
1282,Edouard Nikitine
1283,Eduard von Winterstein
1284,Eduardo Ciannelli
1285,Edward Albert
1286,Edward Andrews
1287,Edward Arnold
1288,Edward Asner
1289,Edward Burns
1290,Edward Byrnes
1291,Edward Chapman
1292,Edward Everett Horton
1293,Edward Fox
1294,Edward Furlong
1295,Edward G. Robinson
1296,Edward G. Robinson Jr.
1297,Edward Herrmann
1298,Edward James Olmos
1299,Edward Judd
1300,Edward Norton
1301,Edward Power
1302,Edward Rigby
1303,Edward Woodward
1304,Efrem Zimbalist Jr.
1305,Eileen Atkins
1306,Eileen Brennan
1307,Eileen Heckart
1308,Eiros
1309,Ekkehardt Belle
1310,Elaine Hendrix
1311,Elana Eden
1312,Elden Henson
1313,Eleanor Bron
1314,Eleanor Parker
1315,Elena Lyandres
1316,Elga Andersen
1317,Eli Wallach
1318,Elias Koteas
1319,Elijah Wood
1320,Elisabeth Bergner
1321,Elisabeth Shue
1322,Elisha Cuthbert
1323,Elissa Landi
1324,Elizabeth A. Jaeger
1325,Elizabeth Ashley
1326,Elizabeth Banks
1327,Elizabeth Berkley
1328,Elizabeth Berridge
1329,Elizabeth Daily
1330,Elizabeth Hurley
1331,Elizabeth Lawrence
1332,Elizabeth McGovern
1333,Elizabeth Perkins
1334,Elizabeth Peña
1335,Elizabeth Reaser
1336,Elizabeth Taylor
1337,Elke Sommer
1338,Ella Raines
1339,Elle Macpherson
1340,Ellen Barkin
1341,Ellen Burstyn
1342,Ellen DeGeneres
1343,Ellen Drew
1344,Ellen Greene
1345,Ellen Hamilton Latzen
1346,Ellen Page
1347,Ellen Sandweiss
1348,Ellen Widmann
1349,Ellie Raab
1350,Elliott Gould
1351,Elliott Grey
1352,Elliott Reid
1353,Elpidia Carrillo
1354,Elroy 'Crazylegs' Hirsch
1355,Elsa Lancaster
1356,Elsa Lanchester
1357,Elsa Martinelli
1358,Elton John
1359,Elvis Presley
1360,Embeth Davidtz
1361,Emer Mccourt
1362,Emil Jannings
1363,Emil Marwa
1364,Emile Hirsch
1365,Emilie de Ravin
1366,Emilio Estevez
1367,Emily Ann Lloyd
1368,Emily Blunt
1369,Emily Browning
1370,Emily Lloyd
1371,Emily Shelton
1372,Emily Watson
1373,Emma Caulfield
1374,Emma Danieli
1375,Emma Sjöberg
1376,Emma Thompson
1377,Emmanuelle Béart
1378,Emmanuelle Seigner
1379,Enrique Castillo
1380,Enver Gjokaj
1381,Eric Bogosian
1382,Eric Christmas
1383,Eric Idle
1384,Eric Porter
1385,Eric Roberts
1386,Eric Schweig
1387,Eric Stoltz
1388,Eric Thal
1389,Erich von Stroheim
1390,Erik Rhodes
1391,Erika Eleniak
1392,Erika Gabaldon
1393,Erinn Bartlett
1394,Erland Josephson
1395,Erna Haffner
1396,Ernest Borgnine
1397,Ernest Thesiger
1398,Ernest Torrence
1399,Ernie Dingo
1400,Ernie Hudson
1401,Ernie Kovacs
1402,Ernst-Hugo Järegård
1403,Errol Flynn
1404,Eru Potaka-Dewes
1405,Esai Morales
1406,Esha Deol
1407,Esmond Knight
1408,Essie Davis
1409,Essy Persson
1410,Estella Warren
1411,Estelle Getty
1412,Estelle Parsons
1413,Estelle Taylor
1414,Esther Williams
1415,Eszter Balint
1416,Ethan Embry
1417,Ethan Hawke
1418,Ethan Phillips
1419,Ethan Randall
1420,Ethel Waters
1421,Eugene Brell
1422,Eugene Levy
1423,Eugene Pallette
1424,Eugenie Besserer
1425,Eunice Gayson
1426,Eva Bartok
1427,Eva Green
1428,Eva Igo
1429,Eva Longoria Parker
1430,Eva Marie Saint
1431,Eva Mendes
1432,Evan C. Kim
1433,Eve Arden
1434,Eve Gordon
1435,Evelyn Del Rio
1436,Evelyn Keyes
1437,Everett McGill
1438,Everett Sloane
1439,Ewan McGregor
1440,Ewen Bremner
1441,F. Murray Abraham
1442,Fabian Forte
1443,Fabiana Udenio
1444,Fabio Testi
1445,Fairuza Balk
1446,Faith Domergue
1447,Famke Janssen
1448,Fardeen Khan
1449,Farley Granger
1450,Farrah Fawcett
1451,Fay Bainter
1452,Fay Compton
1453,Fay Wray
1454,Faye Dunaway
1455,Felicia Farr
1456,Felipe Pazos
1457,Felix Bressart
1458,Fernando Rey
1459,Finlay Currie
1460,Finn Carter
1461,Fintan Halpenny
1462,Fiona Hutchison
1463,Fiona Lewis
1464,Fiona Shaw
1465,Fionnula Flanagan
1466,Fisher Stevens
1467,Flea
1468,Flora Robson
1469,Forest Whitaker
1470,Forrest Tucker
1471,Fran Drescher
1472,Franca Bettoia
1473,Frances Bay
1474,Frances Conroy
1475,Frances Fisher
1476,Frances McDormand
1477,Frances O'Connor
1478,Frances O’Connor
1479,Frances Sternhagen
1480,Francesca Annis
1481,Francesca Brown
1482,Francis Capra
1483,Francis Matthews
1484,Francisco P. Cardoza
1485,Franco Interlenghi
1486,Francois Barre-Sinnousi
1487,Frank Adu
1488,Frank C. Turner
1489,Frank Finlay
1490,Frank Gallacher
1491,Frank Langella
1492,Frank Lovejoy
1493,Frank Maxwell
1494,Frank McHugh
1495,Frank McRae
1496,Frank Morgan
1497,Frank Oz
1498,Frank Puglia
1499,Frank Reicher
1500,Frank Shannon
1501,Frank Silvera
1502,Frank Sinatra
1503,Frank Vincent
1504,Frank Whaley
1505,Frankie Avalon
1506,Frankie Thorn
1507,Franklyn Seales
1508,François Berléand
1509,François Truffaut
1510,Françoise Dorléac
1511,Françoise Rosay
1512,Fred Astaire
1513,Fred Clark
1514,Fred Gwynne
1515,Fred MacMurray
1516,Fred Savage
1517,Fred Stone
1518,Fred Ward
1519,Freddie Jones
1520,Freddie Prinze Jr.
1521,Freddy Rodríguez
1522,Frederic Forrest
1523,Frederick Coffin
1524,Frederick Combs
1525,Frederick Forrest
1526,Frederick Piper
1527,Frederick Stafford
1528,Fredric March
1529,Fritz Weaver
1530,Frédéric Diefenthal
1531,Frédérique Bel
1532,Fulton Mackay
1533,Fyvush Finkel
1534,Gabriel Byrne
1535,Gabriel Casseus
1536,Gabriel Macht
1537,Gabriele Ferzetti
1538,Gabrielle Anwar
1539,Gabrielle Carteris
1540,Gabrielle Fitzpatrick
1541,Gabrielle Rose
1542,Gaby Hoffmann
1543,Gail O'Grady
1544,Gail Russell
1545,Gailard Sartain
1546,Gale Hansen
1547,Gale Sondergaard
1548,Garret Dillahunt
1549,Gary Bakewell
1550,Gary Busey
1551,Gary Cole
1552,Gary Cooper
1553,Gary Daniels
1554,Gary Farmer
1555,Gary Lahti
1556,Gary Littlejohn
1557,Gary Lockwood
1558,Gary Merrill
1559,Gary Oldman
1560,Gary Sinise
1561,Gawn Grainger
1562,Gaye Brown
1563,Gayle Hunnicutt
1564,Gaylen Ross
1565,Geena Davis
1566,Gemma Phoenix
1567,Gena Rowlands
1568,Gene Barry
1569,Gene Davis
1570,Gene Dynarski
1571,Gene Evans
1572,Gene Hackman
1573,Gene Kelly
1574,Gene Lockhart
1575,Gene Simmons
1576,Gene Tierney
1577,Gene Wilder
1578,Geneviève Bujold
1579,Geneviève Page
1580,Geoffrey Lewis
1581,Geoffrey Pierson
1582,Geoffrey Rush
1583,Geoffrey Toone
1584,George 'Buck' Flower
1585,George 'Red' Schwartz
1586,George Brent
1587,George C. Scott
1588,George Chakiris
1589,George Clooney
1590,George Coe
1591,George Cole
1592,George Dzundza
1593,George Gaynes
1594,George Grizzard
1595,George Hamilton
1596,George Harrison
1597,George Hines
1598,George Kennedy
1599,George Lazenby
1600,George Loros
1601,George Macready
1602,George Maharis
1603,George Moss
1604,George Murdock
1605,George Murphy
1606,George Nader
1607,George Newbern
1608,George Peppard
1609,George Rose
1610,George Sanders
1611,George Segal
1612,George Takei
1613,George Wendt
1614,George Wilson
1615,Georges Adet
1616,Georges Beller
1617,Georges Descrières
1618,Georges Guétary
1619,Georgina Cates
1620,Ger Ryan
1621,Gerald Mohr
1622,Gerald R. Molen
1623,Geraldine Brooks
1624,Geraldine Chaplin
1625,Geraldine Fitzgerald
1626,Geraldine Page
1627,Geraldine Smith
1628,Gerda Nicolson
1629,Gerrit Graham
1630,Gert Fröbe
1631,Gert Van den Bergh
1632,Gesine Cukrowski
1633,Gia Carides
1634,Giacomo Rossi-Stuart
1635,Giancarlo Esposito
1636,Giancarlo Giannini
1637,Gianna Maria Canale
1638,Gibson Gowland
1639,Gig Young
1640,Gigi Perreau
1641,Gila Golan
1642,Gilbert Roland
1643,Gilles Ségal
1644,Gillian Anderson
1645,Gina Gershon
1646,Gina Lollobrigida
1647,Gina Mantegna
1648,Ginger Rogers
1649,Giovanni Ribisi
1650,Gisele Lindley
1651,Giuseppe Andrews
1652,Gladys George
1653,Glen Berry
1654,Glen Cavender
1655,Glenda Farrell
1656,Glenda Jackson
1657,Glenn Anders
1658,Glenn Close
1659,Glenn Ford
1660,Glenn Miller
1661,Glenn Plummer
1662,Glenn Quinn
1663,Glenne Headly
1664,Gloria Hendry
1665,Gloria Stuart
1666,Gloria Swanson
1667,Gloria Talbott
1668,Glynis Johns
1669,Godfrey Tearle
1670,Gokor Chivichyan
1671,Goldie Hawn
1672,Googie Withers
1673,Gordon Jackson
1674,Gordon Scott
1675,Gordon Warnecke
1676,Gore Vidal
1677,Grace Jones
1678,Grace Kelly
1679,Graem McGavin
1680,Graham Chapman
1681,Graham Greene
1682,Grant Cramer
1683,Grant Piro
1684,Grant Sutherland
1685,Greg Butler
1686,Greg Germann
1687,Greg Kinnear
1688,Greg Wrangler
1689,Gregg Edelman
1690,Gregg Henry
1691,Gregory Hines
1692,Gregory Jones
1693,Gregory Peck
1694,Gregory Smith
1695,Gregory Sporleder
1696,Gregory Walcott
1697,Greta Garbo
1698,Greta Lind
1699,Greta Scacchi
1700,Gretchen Corbett
1701,Gretchen Mol
1702,Griff Barnett
1703,Griffin Dunne
1704,Groucho Marx
1705,Grover Dale
1706,Guillaume Canet
1707,Guillermo Díaz
1708,Guy Davis
1709,Guy Madison
1710,Guy Pearce
1711,Guy Rolfe
1712,Guy Stockwell
1713,Gwen McGee
1714,Gwen Welles
1715,Gwyneth Paltrow
1716,Gyurme Tethong
1717,Géraldine Pailhas
1718,Gérard Barray
1719,Gérard Depardieu
1720,Günther Haack
1721,H.B. Halicki
1722,Hailee Steinfeld
1723,Haing S. Ngor
1724,Haji
1725,Hal Holbrook
1726,Haley Joel Osment
1727,Halle Berry
1728,Ham Larsen
1729,Hana Maria Pravda
1730,Hank Azaria
1731,Hank B. Marvin
1732,Hanna Schygulla
1733,Hannah Taylor-Gordon
1734,Hannes Jaenicke
1735,Hanno Pöschl
1736,Hans Conried
1737,Hans Man in 't Veld
1738,Hans Strydom
1739,Hansjörg Felmy
1740,Hardy Krüger
1741,Hardy Krüger Jr.
1742,Hark Bohm
1743,Harlan Warde
1744,Harland Williams
1745,Harley Jane Kozak
1746,Harold Gould
1747,Harold J. Stone
1748,Harold Perrineau
1749,Harold Ramis
1750,Harold Warrender
1751,Harpo Marx
1752,Harriet Lenabe
1753,Harrison Ford
1754,Harrison Page
1755,Harry Andrews
1756,Harry Belafonte
1757,Harry Bellaver
1758,Harry Connick Jr.
1759,Harry Crosby
1760,Harry Dean Stanton
1761,Harry Eden
1762,Harry Ellerbe
1763,Harry Guardino
1764,Harry H. Corbett
1765,Harry Hadden-Paton
1766,Harry Hamlin
1767,Harry Liedtke
1768,Harry Morgan
1769,Hart Bochner
1770,Hartley Power
1771,Harve Presnell
1772,Harvey Fierstein
1773,Harvey Keitel
1774,Harvey Korman
1775,Hattie Jacques
1776,Haviland Morris
1777,Haya Harareet
1778,Hayden Rorke
1779,Hayley Mills
1780,Hazel Court
1781,Heath Ledger
1782,Heather Angel
1783,Heather Donahue
1784,Heather Graham
1785,Heather Langenkamp
1786,Heather Locklear
1787,Heather Matarazzo
1788,Heather Mitchell
1789,Heather O'Rourke
1790,Hector Elizondo
1791,Hedy Lamarr
1792,Heidi Kling
1793,Heidi von Palleske
1794,Heike Makatsch
1795,Helen Boston
1796,Helen Chandler
1797,Helen Flint
1798,Helen Hayes
1799,Helen Hunt
1800,Helen Mirren
1801,Helen Morse
1802,Helen Shaver
1803,Helen Slater
1804,Helen Vinson
1805,Helena Bergström
1806,Helena Bonham Carter
1807,Helena Carter
1808,Helena Kallianiotes
1809,Helmut Griem
1810,Henry Beckman
1811,Henry Czerny
1812,Henry Edwards
1813,Henry Fonda
1814,Henry Gibson
1815,Henry Hull
1816,Henry Jones
1817,Henry Rollins
1818,Henry Silva
1819,Henry Thomas
1820,Henry Travers
1821,Henry Winkler
1822,Herb Edelman
1823,Herbert Lom
1824,Herbert Marshall
1825,Herschel Bernardi
1826,Hervé Villechaize
1827,Hetta Charnley
1828,Hetty Bower
1829,Heydon Prowse
1830,Hideo Sakaki
1831,Hidetoshi Nishijima
1832,Hilary Mason
1833,Hilary Swank
1834,Hildegard Knef
1835,Hildegarde Neil
1836,Hobart Bosworth
1837,Holly Hunter
1838,Holly Marie Combs
1839,Hollye Holmes
1840,Honor Blackman
1841,Hope Davis
1842,Hope Lange
1843,Horst Buchholz
1844,Horst Janson
1845,Horst Schulze
1846,Howard Da Silva
1847,Howard Keel
1848,Howard Lloyd-Lewis
1849,Howard Stern
1850,Hoyt Axton
1851,Hugh B. Holub
1852,Hugh Beaumont
1853,Hugh Dillon
1854,Hugh Edwards
1855,Hugh Fraser
1856,Hugh Grant
1857,Hugh Griffith
1858,Hugh Keays-Byrne
1859,Hugh Laurie
1860,Hugh Marlowe
1861,Hugh O'Brian
1862,Hugh Sinclair
1863,Hughie Restorick
1864,Hugo Weaving
1865,Hume Cronyn
1866,Humphrey Bogart
1867,Hunter Carson
1868,Hurd Hatfield
1869,Hyeon-jun Shin
1870,Hylda Baker
1871,Hywell Bennett
1872,Hélène Vincent
1873,Iain Glen
1874,Iain Quarrier
1875,Ian Abercrombie
1876,Ian Bannen
1877,Ian Charleson
1878,Ian Hart
1879,Ian Hendry
1880,Ian Holm
1881,Ian Hunter
1882,Ian McDiarmid
1883,Ian Richardson
1884,Ice Cube
1885,Ice-T
1886,Igor Petrenko
1887,Ihsa Koppikar
1888,Ike Eisenmann
1889,Ilan Mitchell-Smith
1890,Illeana Douglas
1891,Ilona Elkin
1892,Ilona Massey
1893,Iman
1894,Imogen Claire
1895,Ina Balin
1896,Inga Swenson
1897,Inge Landgut
1898,Inger Stevens
1899,Ingrid Bergman
1900,Ione Skye
1901,Irene Bedard
1902,Irene Cara
1903,Irene Champlin
1904,Irene Dunne
1905,Irene Kane
1906,Irene Miracle
1907,Irene Worth
1908,Iris Adrian
1909,Iris Churn
1910,Irving Metzman
1911,Isabel Glasser
1912,Isabell Jewell
1913,Isabella Rossellini
1914,Isabelle Adjani
1915,Isabelle De Valvert
1916,Isabelle Huppert
1917,Isaiah Washington
1918,Isela Vega
1919,Ivan Bonar
1920,Ivan Rassimov
1921,Ivana Milicevic
1922,Izabella Scorupco
1923,J. Carrol Naish
1924,J. Trevor Edmond
1925,J.D. Cannon
1926,J.E. Freeman
1927,J.L. Reate
1928,J.T. Walsh
1929,Jacinda Barrett
1930,Jack Benny
1931,Jack Black
1932,Jack Carson
1933,Jack Cassidy
1934,Jack Elam
1935,Jack Hawkins
1936,Jack Kehoe
1937,Jack Klugman
1938,Jack Kruschen
1939,Jack Lambert
1940,Jack Lemmon
1941,Jack Lord
1942,Jack MacGowran
1943,Jack McClelland
1944,Jack Mullaney
1945,Jack Nance
1946,Jack Nicholson
1947,Jack Oakie
1948,Jack Palance
1949,Jack Thibeau
1950,Jack Thompson
1951,Jack Warden
1952,Jack Warner
1953,Jack Webb
1954,Jack Weston
1955,Jackie Chan
1956,Jackie Coogan
1957,Jackie Cooper
1958,Jackie Gleason
1959,Jackie Guerra
1960,Jackie Lyn Dufton
1961,Jackie Sawiris
1962,Jackson Hurst
1963,Jacqueline Bisset
1964,Jacqueline McKenzie
1965,Jacqueline Obradors
1966,Jacqueline Pearce
1967,Jacqueline Sassard
1968,Jacqueline Tong
1969,Jacquelyn Hyde
1970,Jacques Roux
1971,Jacques Weber
1972,Jada Pinkett Smith
1973,Jaime King
1974,Jake Blundell
1975,Jake Busey
1976,Jake Gyllenhaal
1977,Jakob Cedergren
1978,James Arness
1979,James Aubrey
1980,James Badge Dale
1981,James Belushi
1982,James Bolam
1983,James Booth
1984,James Broderick
1985,James Brolin
1986,James Brown
1987,James Caan
1988,James Cagney
1989,James Caitlin
1990,James Carpenter
1991,James Coburn
1992,James Coco
1993,James Craig
1994,James Cromwell
1995,James Dean
1996,James Donald
1997,James Doohan
1998,James Duval
1999,James Earl Jones
2000,James Edwards
2001,James Fillmore
2002,James Fleet
2003,James Fox
2004,James Franciscus
2005,James Gammon
2006,James Gandolfini
2007,James Garner
2008,James Gleason
2009,James Hampton
2010,James Hong
2011,James Keach
2012,James Larkin
2013,James LeGros
2014,James Madio
2015,James Mason
2016,James McAvoy
2017,James McIntyre
2018,James Olson
2019,James Purefoy
2020,James Rebhorn
2021,James Remar
2022,James Robertson Justice
2023,James Russo
2024,James Sikking
2025,James Simmons
2026,James Spader
2027,James Stacy
2028,James Stewart
2029,James Villiers
2030,James Whitmore
2031,James Woods
2032,Jameson Parker
2033,Jamey Sheridan
2034,Jami Gertz
2035,Jamie Bell
2036,Jamie Foreman
2037,Jamie Foxx
2038,Jamie Gillis
2039,Jamie Lee Curtis
2040,Jamie Renée Smith
2041,Jamie Smith
2042,Jamyang Jamtsho Wangchuk
2043,Jan Rubes
2044,Jan Stuart Schwartz
2045,Jan-Michael Vincent
2046,Jana Taylor
2047,Jane Adams
2048,Jane Alexander
2049,Jane Asher
2050,Jane Birkin
2051,Jane Curtin
2052,Jane Darwell
2053,Jane Fonda
2054,Jane Galloway Heitz
2055,Jane Greer
2056,Jane Horrocks
2057,Jane Krakowski
2058,Jane Merrow
2059,Jane Mortifee
2060,Jane Randolph
2061,Jane Rose
2062,Jane Russell
2063,Jane Seymour
2064,Jane Wyman
2065,Janeane Garofalo
2066,Janet Bartley
2067,Janet Jones
2068,Janet Landgard
2069,Janet Leigh
2070,Janet Margolin
2071,Janet Munro
2072,Janet Suzman
2073,Janette Scott
2074,Janice Logan
2075,Janina Sachau
2076,Janine Turner
2077,Janusz Pawłak
2078,Jared Harris
2079,Jared Leto
2080,Jared Padalecki
2081,Jarlath Conroy
2082,Jarmila Novotna
2083,Jasen Fisher
2084,Jason Alexander
2085,Jason Beghe
2086,Jason Biggs
2087,Jason Durr
2088,Jason Gedrick
2089,Jason Isaacs
2090,Jason James Richter
2091,Jason Lee
2092,Jason Lively
2093,Jason London
2094,Jason Mewes
2095,Jason Miller
2096,Jason Patric
2097,Jason Priestley
2098,Jason Robards
2099,Jason Schwartzman
2100,Jason Scott Lee
2101,Jason Statham
2102,Jay C. Flippen
2103,Jay Mohr
2104,Jay O. Sanders
2105,Jay Patterson
2106,Jay Thomas
2107,Jayne Mansfield
2108,Jean Adair
2109,Jean Anderson
2110,Jean Arthur
2111,Jean Brooks
2112,Jean Carson
2113,Jean Hagen
2114,Jean Lenauer
2115,Jean Louisa Kelly
2116,Jean Marsh
2117,Jean Peters
2118,Jean Reno
2119,Jean Rogers
2120,Jean Seberg
2121,Jean Simmons
2122,Jean Taylor Smith
2123,Jean Wallace
2124,Jean Yanne
2125,Jean-Claude Van Damme
2126,Jean-François Balmer
2127,Jean-Hugues Anglade
2128,Jean-Marc Barr
2129,Jean-Pierre Cassel
2130,Jean-Pierre Léaud
2131,Jeanne Mauborgne
2132,Jeanne Moreau
2133,Jeanne Tripplehorn
2134,Jeannie Elias
2135,Jeff Anderson
2136,Jeff Bridges
2137,Jeff Cadiente
2138,Jeff Chandler
2139,Jeff Chase
2140,Jeff Cohen
2141,Jeff Conaway
2142,Jeff Daniels
2143,Jeff Fahey
2144,Jeff Goldblum
2145,Jeff Morrow
2146,Jeffrey Allen
2147,Jeffrey Combs
2148,Jeffrey Falcon
2149,Jeffrey Force
2150,Jeffrey Hunter
2151,Jeffrey Jones
2152,Jeffrey Tambor
2153,Jeffrey Wright
2154,Jena Malone
2155,Jenna Elfman
2156,Jennie Linden
2157,Jennifer Aniston
2158,Jennifer Baxter
2159,Jennifer Beals
2160,Jennifer Billingsley
2161,Jennifer Clay
2162,Jennifer Connelly
2163,Jennifer Coolidge
2164,Jennifer Dale
2165,Jennifer Daniel
2166,Jennifer Delora
2167,Jennifer Ehle
2168,Jennifer Esposito
2169,Jennifer Garner
2170,Jennifer Grey
2171,Jennifer Jason Leigh
2172,Jennifer Jones
2173,Jennifer Lopez
2174,Jennifer Love Hewitt
2175,Jennifer O'Neill
2176,Jennifer Rubin
2177,Jennifer Salt
2178,Jennifer Saunders
2179,Jennifer Tilly
2180,Jennifer Warren
2181,Jenny Agutter
2182,Jenny Levine
2183,Jenny Lewis
2184,Jenny Runacre
2185,Jenny Wright
2186,Jensen Ackles
2187,Jeremy Davies
2188,Jeremy Irons
2189,Jeremy Kemp
2190,Jeremy Lloyd
2191,Jeremy London
2192,Jeremy Northam
2193,Jeremy Piven
2194,Jeremy Sisto
2195,Jeremy Slate
2196,Jeremy Theobald
2197,Jeroen Krabbé
2198,Jerome Eden
2199,Jerry Adler
2200,Jerry Butler
2201,Jerry Daugirda
2202,Jerry Kemp
2203,Jerry Lacy
2204,Jerry Levine
2205,Jerry Lewis
2206,Jerry Mayer
2207,Jerry Nelson
2208,Jerry O'Connell
2209,Jerry Orbach
2210,Jerry Reed
2211,Jerry Stiller
2212,Jesse Borrego
2213,Jesse Bradford
2214,Jesse James
2215,Jesse Metcalfe
2216,Jesse Vint
2217,Jesse White
2218,Jessica Bowman
2219,Jessica Campbell
2220,Jessica Harper
2221,Jessica Lange
2222,Jessica Stroup
2223,Jessica Tandy
2224,Jessie Matthews
2225,Jessie Royce Landis
2226,Jharana Das
2227,Jill Clayburgh
2228,Jill Haworth
2229,Jill Ireland
2230,Jill St. John
2231,Jim Armenti
2232,Jim Backus
2233,Jim Breuer
2234,Jim Broadbent
2235,Jim Brown
2236,Jim Carrey
2237,Jim Carter
2238,Jim Dale
2239,Jim Farley
2240,Jim Henson
2241,Jim Hutton
2242,Jim McKrell
2243,Jim R. Coleman
2244,Jim Varney
2245,Jim Watkins
2246,Jimi Mistry
2247,Jimmi Harkishin
2248,Jimmy Cliff
2249,Jimmy Nail
2250,Jimmy Somerville
2251,Jo Morrow
2252,Jo Van Fleet
2253,Jo-Ann Robinson
2254,JoBeth Williams
2255,Joachim Fuchsberger
2256,Joan Allen
2257,Joan Bennett
2258,Joan Blondell
2259,Joan Chen
2260,Joan Collins
2261,Joan Crawford
2262,Joan Cusack
2263,Joan Fontaine
2264,Joan Freeman
2265,Joan Greenwood
2266,Joan Hackett
2267,Joan Hapkett
2268,Joan Jett
2269,Joan Lorring
2270,Joan O'Brien
2271,Joan Plowright
2272,Joan Severance
2273,Joan Sims
2274,Joan Taylor
2275,Joan Van Ark
2276,Joan Weldon
2277,Joanasie Salamonie
2278,Joanna Cassidy
2279,Joanna Gleason
2280,Joanna Pacula
2281,Joanna Pettet
2282,Joanne Dru
2283,Joanne Samuel
2284,Joanne Whalley
2285,Joannelle Nadine Romero
2286,Joaquim de Almeida
2287,Joaquin Phoenix
2288,Jocelyn Lane
2289,Jock Mahoney
2290,Jodie Foster
2291,Joe Anderson
2292,Joe Aubel
2293,Joe Benoit
2294,Joe Breen
2295,Joe Dallesandro
2296,Joe Don Baker
2297,Joe E. Brown
2298,Joe Eales
2299,Joe Grifasi
2300,Joe Mantegna
2301,Joe Morton
2302,Joe Pantoliano
2303,Joe Pesci
2304,Joe Robinson
2305,Joe Strummer
2306,Joel Brooks
2307,Joel Grey
2308,Joel McCrea
2309,Joel Moore
2310,Joel Murray
2311,Joely Richardson
2312,Joey Bishop
2313,Joey Cramer
2314,Joey Heatherton
2315,Joey Lauren Adams
2316,Joey Ramone
2317,Johan Rabaeus
2318,Johanna Day
2319,Johanna Lixey
2320,John Adames
2321,John Agar
2322,John Alderton
2323,John Allen Nelson
2324,John Amos
2325,John Ashton
2326,John Barrymore
2327,John Beck
2328,John Belushi
2329,John Boylan
2330,John Bromfield
2331,John Buckwalter
2332,John C. McGinley
2333,John C. Reilly
2334,John Cameron Mitchell
2335,John Candy
2336,John Carradine
2337,John Carroll Lynch
2338,John Cassavetes
2339,John Cassisi
2340,John Castle
2341,John Cazale
2342,John Cleese
2343,John Colicos
2344,John Collin
2345,John Cullum
2346,John Cusack
2347,John Dall
2348,John David Carson
2349,John Diel
2350,John Doe
2351,John Fiedler
2352,John Finnegan
2353,John Forsythe
2354,John Fraser
2355,John Friedrich
2356,John Furey
2357,John Garfield
2358,John Gavin
2359,John Getz
2360,John Gielgud
2361,John Glover
2362,John Goodman
2363,John Gregson
2364,John Hallam
2365,John Hannah
2366,John Harkins
2367,John Heard
2368,John Hillerman
2369,John Hodiak
2370,John Houseman
2371,John Howard
2372,John Hubbard
2373,John Hurt
2374,John Huston
2375,John Ireland
2376,John Justin
2377,John Kani
2378,John Kapelos
2379,John Kerr
2380,John Larroquette
2381,John Lawrence
2382,John Lazar
2383,John Le Mesurier
2384,John Leguizamo
2385,John Lennon
2386,John Leyton
2387,John Limnidis
2388,John Lithgow
2389,John Loder
2390,John Lone
2391,John Longden
2392,John Louie
2393,John Lund
2394,John Lurie
2395,John Lynch
2396,John Mahoney
2397,John Malkovich
2398,John Marley
2399,John Matthews
2400,John McEnery
2401,John McGiver
2402,John McGuire
2403,John McIntire
2404,John McMartin
2405,John Meillon
2406,John Mills
2407,John Morris
2408,John Moulder-Brown
2409,John Mylong
2410,John Nolan
2411,John Omirah Miluwi
2412,John Osborne
2413,John P. Ryan
2414,John Pankow
2415,John Payne
2416,John Phillip Law
2417,John Pyper Ferguson
2418,John Randolph Jones
2419,John Ratzenberger
2420,John Rhys-Davies
2421,John Richardson
2422,John Ridgely
2423,John Ritter
2424,John Roselius
2425,John Russell
2426,John Savage
2427,John Saxon
2428,John Simm
2429,John Smith
2430,John Spencer
2431,John Steiner
2432,John Stockwell
2433,John Stuart
2434,John Sutton
2435,John Terry
2436,John Travolta
2437,John Turturro
2438,John Vernon
2439,John Warwick
2440,John Wayne
2441,John Wildman
2442,John Williams
2443,John Witherspoon
2444,John Wood
2445,John Woodvine
2446,John Wray
2447,John Zaremba
2448,Johnathon Schaech
2449,Johnny Depp
2450,Johnny Galecki
2451,Johnny Knoxville
2452,Johnny Ramone
2453,Jon Cryer
2454,Jon Cypher
2455,Jon Favreau
2456,Jon Finch
2457,Jon Hall
2458,Jon Heder
2459,Jon Lovitz
2460,Jon Polito
2461,Jon Stewart
2462,Jon Tenney
2463,Jon Voight
2464,Jonathan Bowater
2465,Jonathan Brandis
2466,Jonathan Firth
2467,Jonathan Frakes
2468,Jonathan Hale
2469,Jonathan Haze
2470,Jonathan Hyde
2471,Jonathan Jackson
2472,Jonathan Ke Quan
2473,Jonathan Penner
2474,Jonathan Pryce
2475,Jonathan Rhys Meyers
2476,Jonathan Sagall
2477,Jonathan Scott-Taylor
2478,Jonathan Silverman
2479,Jonathan Winters
2480,Jonny Lee Miller
2481,Jordan Warkol
2482,Jordana Brewster
2483,Jorge Rivero
2484,Josef Sommer
2485,Joseph A. Carpenter
2486,Joseph Ashton
2487,Joseph Bologna
2488,Joseph Cali
2489,Joseph Calleia
2490,Joseph Campanella
2491,Joseph Chan
2492,Joseph Cotten
2493,Joseph Cotton
2494,Joseph Fiennes
2495,Joseph Gordon-Levitt
2496,Joseph Latimore
2497,Joseph Mascolo
2498,Joseph Mazzello
2499,Joseph Nash
2500,Joseph Pilato
2501,Joseph Schildkraut
2502,Joseph Scoren
2503,Joseph Wiseman
2504,Josephine Hull
2505,Josh Albee
2506,Josh Brolin
2507,Josh Charles
2508,Josh Duhamel
2509,Josh Hartnett
2510,Josh Hutcherson
2511,Josh Lucas
2512,Josh Mosby
2513,Josh Pais
2514,Josh Stewart
2515,Joshua Leonard
2516,Joshua Rudoy
2517,Josiane Stoléru
2518,Joss Ackland
2519,José Ferrer
2520,José Lewgoy
2521,José Wilker
2522,Joy Ann Page
2523,Joy Boushel
2524,Joyce Carey
2525,Joyce Van Patten
2526,Juan Fernández
2527,Juano Hernandez
2528,Judd Hirsch
2529,Judd Nelson
2530,Jude Law
2531,Judge Reinhold
2532,Judi Bowker
2533,Judi Dench
2534,Judi Meredith
2535,Judi West
2536,Judith Anderson
2537,Judith Donner
2538,Judith Hoag
2539,Judith Ivey
2540,Judith O'Dea
2541,Judith Ransdell
2542,Judson Pratt
2543,Judy Davis
2544,Judy Garland
2545,Judy Pace
2546,Judy Parfitt
2547,Julia Louis-Dreyfus
2548,Julia McNeal
2549,Julia Meade
2550,Julia Ormond
2551,Julia Roberts
2552,Julia Stiles
2553,Julian Arahanga
2554,Julian Fellowes
2555,Julian Glover
2556,Julian Mateos
2557,Julian Sands
2558,Julianne Moore
2559,Julianne Nicholson
2560,Julie Adams
2561,Julie Andrews
2562,Julie Bowen
2563,Julie Brown
2564,Julie Carmen
2565,Julie Christie
2566,Julie Cox
2567,Julie Delpy
2568,Julie Hagerty
2569,Julie Harris
2570,Julie Hughes
2571,Julie Kavner
2572,Julie London
2573,Julie Walters
2574,Julie Warner
2575,Julie-Marie Parmentier
2576,Juliet Stevenson
2577,Juliette Binoche
2578,Juliette Lewis
2579,Juliette Mills
2580,Jun Kunimura
2581,June Allyson
2582,June Carter Cash
2583,June Duprez
2584,June Havoc
2585,June Marlowe
2586,June Ritchie
2587,June Tripp
2588,Justin Braine
2589,Justin Charles Pierce
2590,Justin Gray
2591,Justin Henry
2592,Justin McGuire
2593,Jörg Schüttauf
2594,Jürgen Prochnow
2595,Kad Merad
2596,Kadour Belkhodja
2597,Kalina Jedrusik
2598,Kareem Abdul-Jabbar
2599,Karen Allen
2600,Karen Balkin
2601,Karen Black
2602,Karen Dotrice
2603,Karen Fergusson
2604,Karen Lynn Gorney
2605,Karen Morley
2606,Karin Dor
2607,Karina Lombard
2608,Karl Fieseler
2609,Karl Hardman
2610,Karl Malden
2611,Karl Urban
2612,Karl-Michael Vogler
2613,Karlheinz Böhm
2614,Karyn Parsons
2615,Kasi Lemmons
2616,Kassie DePaiva
2617,Kate Beahan
2618,Kate Beckinsale
2619,Kate Bosworth
2620,Kate Burton
2621,Kate Capshaw
2622,Kate Hardie
2623,Kate Hudson
2624,Kate Levering
2625,Kate Maberly
2626,Kate McNeil
2627,Kate Nelligan
2628,Kate Reid
2629,Kate Winslet
2630,Kate del Castillo
2631,Katharine Hepburn
2632,Katharine Houghton
2633,Katharine Ross
2634,Katherine Heigl
2635,Katherine Helmond
2636,Katherine Squire
2637,Kathleen Beller
2638,Kathleen Harrison
2639,Kathleen Quinlan
2640,Kathleen Turner
2641,Kathryn Beaumont
2642,Kathryn Erbe
2643,Kathryn Grayson
2644,Kathryn Harrold
2645,Kathryn Marlowe
2646,Kathy Baker
2647,Kathy Bates
2648,Kathy Burke
2649,Kathy Jamieson
2650,Kathy Lester
2651,Kathy Long
2652,Kathy Najimy
2653,Katie Cassidy
2654,Katie Holmes
2655,Katie Johnson
2656,Katie Sagona
2657,Katja Rupé
2658,Katrin Cartlidge
2659,Kay Francis
2660,Kay Johnson
2661,Kay Kendall
2662,Kay Medford
2663,Kay Thompson
2664,Keanu Reeves
2665,Keeley Hawes
2666,Keenan Wynn
2667,Keenen Ivory Wayans
2668,Keir Dullea
2669,Keira Knightley
2670,Keith Carradine
2671,Keith Coogan
2672,Keith David
2673,Keith Gordon
2674,Keith McKeon
2675,Keith Michell
2676,Keith Stuart Thayer
2677,Kel Mitchell
2678,Kelli Maroney
2679,Kelly Bishop
2680,Kelly LeBrock
2681,Kelly Lynch
2682,Kelly McGillis
2683,Kelly Preston
2684,Kelly Reilly
2685,Kelly Rowan
2686,Kelsey Grammer
2687,Ken Berry
2688,Ken Carter
2689,Ken Cheeseman
2690,Ken Foree
2691,Ken Gampu
2692,Ken Leung
2693,Ken Marshall
2694,Ken Olandt
2695,Ken Sagoes
2696,Ken Shapiro
2697,Ken Siu
2698,Ken Stott
2699,Ken Takahura
2700,Ken Takakura
2701,Ken Wahl
2702,Kenneth Branagh
2703,Kenneth Cole
2704,Kenneth Colley
2705,Kenneth Cranham
2706,Kenneth Khambula
2707,Kenneth Mars
2708,Kenneth McMillan
2709,Kenneth More
2710,Kenneth Nelson
2711,Kenneth Tobey
2712,Kenneth Tsang
2713,Kenneth Welsh
2714,Kenneth Williams
2715,Kenny Baker
2716,Kent Smith
2717,Kerry Fox
2718,Kestie Morassi
2719,Kevin Anderson
2720,Kevin Bacon
2721,Kevin Bishop
2722,Kevin Chevalia
2723,Kevin Conroy
2724,Kevin Costner
2725,Kevin Dillon
2726,Kevin J. O'Connor
2727,Kevin Jamal Woods
2728,Kevin Kline
2729,Kevin McCarthy
2730,Kevin McKidd
2731,Kevin McNally
2732,Kevin Miles
2733,Kevin Nealon
2734,Kevin O'Connor
2735,Kevin Peter Hall
2736,Kevin Pollack
2737,Kevin Pollak
2738,Kevin Smith
2739,Kevin Spacey
2740,Kevin Tighe
2741,Kevin Van Hentenryck
2742,Kevin Zegers
2743,Kevork Malikyan
2744,Kevyn Major Howard
2745,Keye Luke
2746,Khandi Alexander
2747,Kiefer Sutherland
2748,Kieran Culkin
2749,Kim Basinger
2750,Kim Bass
2751,Kim Cattrall
2752,Kim De Angelo
2753,Kim Greist
2754,Kim Hunter
2755,Kim Miyori
2756,Kim Novak
2757,Kim Parker
2758,Kim Richards
2759,Kim Stanley
2760,Kim Vithana
2761,Kimberly Elise
2762,Kimberly Lambert
2763,Kimberly Stringer
2764,Kimberly Williams-Paisley
2765,King Donovan
2766,Kip McArdle
2767,Kipp Hamilton
2768,Kirk Acevedo
2769,Kirk Douglas
2770,Kirsten Baker
2771,Kirsten Dunst
2772,Kirsten Sheridan
2773,Kirstie Alley
2774,Kirsty Child
2775,Kitty Carlisle
2776,Kitty Winn
2777,Klaus Maria Brandauer
2778,Kolia Litscher
2779,Koyuki
2780,Kris Kristofferson
2781,Kristen Bell
2782,Kristen Cloke
2783,Kristen Goelz
2784,Kristen Stewart
2785,Kristen Wilson
2786,Kristin Davis
2787,Kristin Scott Thomas
2788,Kristina Kennedy
2789,Kristina Wayborn
2790,Kristine DeBell
2791,Kristine Sutherland
2792,Kristy McNichol
2793,Kristy Swanson
2794,Kurt Katch
2795,Kurt Raab
2796,Kurt Russell
2797,Kurtwood Smith
2798,Kyle MacLachlan
2799,Kyle Secor
2800,Kyle T. Heffner
2801,Kynaston Reeves
2802,Kyra Sedgwick
2803,L.Q. Jones
2804,LL Cool J
2805,Lacey Chabert
2806,Lady Rowlands
2807,Laird Cregar
2808,Lana Clarkson
2809,Lana Turner
2810,Lana Wood
2811,Lance Fuller
2812,Lance Guest
2813,Lance Henriksen
2814,Lane Smith
2815,Lara Flynn Boyle
2816,Larenz Tate
2817,Larisa Oleynik
2818,Larry B. Scott
2819,Larry Drake
2820,Larry Gates
2821,Larry Hagman
2822,Larry Simms
2823,Lars Brygmann
2824,Laszlo Szabo
2825,Laura Dean
2826,Laura Dern
2827,Laura Harris
2828,Laura Linney
2829,Laura Ramsey
2830,Laura San Giacomo
2831,Lauren Bacall
2832,Lauren Graham
2833,Lauren Holly
2834,Lauren Hutton
2835,Laurence Fishburne
2836,Laurence Harvey
2837,Laurence Luckinbill
2838,Laurence Naismith
2839,Laurence Olivier
2840,Laurene Landon
2841,Laurie Bartram
2842,Laurie Metcalf
2843,Lawrence Dane
2844,Lawrence Tierney
2845,LeVar Burton
2846,Lea Thompson
2847,Lee Bowman
2848,Lee Cormie
2849,Lee Curreri
2850,Lee Evans
2851,Lee Grant
2852,Lee Horsley
2853,Lee J. Cobb
2854,Lee Majors
2855,Lee Marvin
2856,Lee Remick
2857,Lee Van Cleef
2858,Leelee Sobieski
2859,Leib Lensky
2860,Leif Erickson
2861,Leigh Lawson
2862,Leigh Taylor-Young
2863,Leila Gastil
2864,Leila Hyams
2865,Lela Rochon
2866,Leland Orser
2867,Leleti Khumalo
2868,Lena Farugia
2869,Lena Horne
2870,Lena Olin
2871,Lenny Baker
2872,Lenny von Dohlen
2873,Lenore Kasdorf
2874,Leo Dolan
2875,Leo Fitzpatrick
2876,Leo Fuchs
2877,Leo G. Carroll
2878,Leo Genn
2879,Leo Gordon
2880,Leo McKern
2881,Leo Rossi
2882,Leon Errol
2883,Leon M. Lion
2884,Leon Rippy
2885,Leon Robinson
2886,Leonard Henry
2887,Leonard Nimoy
2888,Leonard Rossiter
2889,Leonard Termo
2890,Leonard Whiting
2891,Leonardo Cimino
2892,Leonardo DiCaprio
2893,Leonardo Sbaraglia
2894,Leonor Watling
2895,Leopoldine Konstantin
2896,Leora Dana
2897,Les Tremayne
2898,Lesley Ann Warren
2899,Lesley-Anne Down
2900,Leslie Ash
2901,Leslie Banks
2902,Leslie Bradley
2903,Leslie Caron
2904,Leslie Hope
2905,Leslie Mann
2906,Leslie Nielsen
2907,Leslie Phillips
2908,Leslie Stefanson
2909,Lew Ayres
2910,Lewis Howlett
2911,Lewis Stone
2912,Lex Barker
2913,Lexi Randall
2914,Liam Cunningham
2915,Liam Neeson
2916,Liana Liberato
2917,Lidea Ruth
2918,Liesel Matthews
2919,Liev Schreiber
2920,Lihle Mvelase
2921,Lila Kedrova
2922,Lili Damita
2923,Lili St Cyr
2924,Lili Taylor
2925,Lilia Skala
2926,Lilli Palmer
2927,Lillian Gish
2928,Lillo Brancato
2929,Lily Tomlin
2930,Lin Shaye
2931,Lincoln Kilpatrick
2932,Linda Bassett
2933,Linda Blair
2934,Linda Darnell
2935,Linda Fiorentino
2936,Linda Hamilton
2937,Linda Haynes
2938,Linda Henry
2939,Linda Hunt
2940,Linda Kozlowski
2941,Linda Manz
2942,Linda Miller
2943,Linda Purl
2944,Linden Ashby
2945,Lindsay Crouse
2946,Lindsay Duncan
2947,Lindsay Lohan
2948,Lindsay Wagner
2949,Lindsey McKeon
2950,Ling Bai
2951,Lino Ventura
2952,Lionel Abelanski
2953,Lionel Atwill
2954,Lionel Barrymore
2955,Lionel Jeffries
2956,Lionel Stander
2957,Lisa Ann Walter
2958,Lisa Banes
2959,Lisa Blount
2960,Lisa Bonet
2961,Lisa Eichhorn
2962,Lisa Eilbacher
2963,Lisa Gay Hamilton
2964,Lisa Harrow
2965,Lisa Joliffe-Andoh
2966,Lisa Kudrow
2967,Lisa Pelikan
2968,Lisa Smit
2969,Lisanne Falk
2970,Liselotte Pulver
2971,Lita Milan
2972,Little Richard
2973,Liv Tyler
2974,Liv Ullmann
2975,Liz Smith
2976,Liza Minnelli
2977,Lizabeth Scott
2978,Lloyd Bochner
2979,Lloyd Bridges
2980,Lloyd Nolan
2981,Logan Lerman
2982,Lois Chiles
2983,Lois Smith
2984,Lolita Chammah
2985,Lolita Davidovich
2986,Lon Chaney
2987,Lon Chaney Jr.
2988,Lonette McKee
2989,Loren Dean
2990,Loren Lester
2991,Loretta Swit
2992,Lori Cardille
2993,Lori Nelson
2994,Lori Petty
2995,Lori Singer
2996,Lorna Luft
2997,Lorraine Bracco
2998,Lorraine Gary
2999,Lorraine Pilkington
3000,Loryn Locklin
3001,Lotte Lenya
3002,Lotte Verbeek
3003,Lou Costello
3004,Lou Diamond Phillips
3005,Lou Eppolito
3006,Lou Gilbert
3007,Lou Hancock
3008,Lou Jacobi
3009,Lou Reed
3010,Lou Taylor Pucci
3011,Louis Armstrong
3012,Louis Calhern
3013,Louis Gossett jr.
3014,Louis Hofmann
3015,Louis Jourdan
3016,Louis Merrill
3017,Louis Sheldon Williams
3018,Louis Tripp
3019,Louis Waldon
3020,Louis Wolheim
3021,Louis de Funès
3022,Louise Fletcher
3023,Louise Goodall
3024,Louise Lasser
3025,Louise Latham
3026,Louise Salter
3027,Luc Montagnier
3028,Luciana Paluzzi
3029,Lucie Mannheim
3030,Lucille Bremer
3031,Lucinda Jenney
3032,Lucinda Jones
3033,Lucy Gutteridge
3034,Lucy Russell
3035,Luis Guzmán
3036,Lukas Haas
3037,Luke Aikman
3038,Luke Arnold
3039,Luke Askew
3040,Luke Goss
3041,Luke Halpin
3042,Luke Wilson
3043,Lyle Bettger
3044,Lyle Lovett
3045,Lynda Day George
3046,Lynn Carlin
3047,Lynn Cohen
3048,Lynn Redgrave
3049,Lynn-Holly Johnson
3050,Lynne Frederick
3051,Lyoyd Hughes
3052,Lysette Anthony
3053,Léa Massari
3054,M. Emmet Walsh
3055,M.C. Gainey
3056,Mabel King
3057,Mac Davis
3058,Macaulay Culkin
3059,Macdonald Carey
3060,Madeleine Carroll
3061,Madeleine Stowe
3062,Madeline Kahn
3063,Madison Eginton
3064,Madolyn Smith Osborne
3065,Madonna
3066,Mads Mikkelsen
3067,Mady Christians
3068,Mae West
3069,Mae Whitman
3070,Magdalena Mielcarz
3071,Maggie McOmie
3072,Maggie Q
3073,Maggie Smith
3074,Mahshweta Roy
3075,Mai Zetterling
3076,Mako
3077,Malachi Pearson
3078,Malcolm Keen
3079,Malcolm McDowell
3080,Malcom Dixon
3081,Malik Yoba
3082,Malin Akerman
3083,Mamaengaroa Kerr-Bell
3084,Mandy Patinkin
3085,Manuel Fábregas
3086,Mara Corday
3087,Mara Wilson
3088,Marc McClure
3089,Marc de Jonge
3090,Marcel Hillaire
3091,Marcel Iures
3092,Marcel Journet
3093,Marcia Gay Harden
3094,Marcia Henderson
3095,Marcia McBroom
3096,Marcia Strassman
3097,Marcus Gilbert
3098,Mare Winningham
3099,Marg Helgenberger
3100,Margaret Avery
3101,Margaret Blye
3102,Margaret Brooks
3103,Margaret Cho
3104,Margaret Colin
3105,Margaret Langrick
3106,Margaret Lindsay
3107,Margaret Lockwood
3108,Margaret Loveys
3109,Margaret O'Brien
3110,Margaret Rutherford
3111,Margaret Sheridan
3112,Margaret Sullavan
3113,Margaret Tallichet
3114,Margaret Whitton
3115,Margi Clarke
3116,Margia Dean
3117,Margo
3118,Margo Woode
3119,Margot Kidder
3120,Maria Bello
3121,Maria Conchita Alonso
3122,Maria Doyle Kennedy
3123,Maria Lundqvist
3124,Maria Mauban
3125,Maria Montez
3126,Maria Perschy
3127,Maria Pitillo
3128,Maria Richwine
3129,Maria Schneider
3130,Maria Simon
3131,Marian Seldes
3132,Marian Spencer
3133,Marianna Hill
3134,Marianne Koch
3135,Marianne Sägebrecht
3136,Marie Versini
3137,Marie Windsor
3138,Marie-Christine Barrault
3139,Mariel Hemingway
3140,Mariette Hartley
3141,Marilu Henner
3142,Marilyn Burns
3143,Marilyn Chris
3144,Marilyn Eastman
3145,Marilyn Ghigliotti
3146,Marilyn Monroe
3147,Mario Machado
3148,Marion Busia
3149,Marion Cotillard
3150,Marion Davies
3151,Marion Mack
3152,Marisa Berenson
3153,Marisa Mell
3154,Marisa Pavan
3155,Marisa Tomei
3156,Marius Goring
3157,Marius Weyers
3158,Marián Aguilera
3159,Marjoe Gortner
3160,Marjorie Ann Mutchie
3161,Marjorie Taylor
3162,Mark Addy
3163,Mark Damon
3164,Mark Frechette
3165,Mark Hamill
3166,Mark Harmon
3167,Mark Herrier
3168,Mark Holton
3169,Mark Joy
3170,Mark Lee
3171,Mark Lester
3172,Mark McKinney
3173,Mark Morales
3174,Mark Neely
3175,Mark Rylance
3176,Mark Stevens
3177,Mark Wahlberg
3178,Mark Wingett
3179,Marki Bey
3180,Marla English
3181,Marla Gibbs
3182,Marla Landi
3183,Marlee Matlin
3184,Marlene Dietrich
3185,Marlon Brando
3186,Marlon Wayans
3187,Marsha Hunt
3188,Marsha Mason
3189,Marshall Bell
3190,Marshall Thompson
3191,Martha Hyer
3192,Martha O'Driscoll
3193,Martha Vickers
3194,Marthe Keller
3195,Martin Balsam
3196,Martin Clunes
3197,Martin Donovan
3198,Martin Gabel
3199,Martin Kove
3200,Martin Landau
3201,Martin Lawrence
3202,Martin Lev
3203,Martin Milner
3204,Martin Shaw
3205,Martin Sheen
3206,Martin Short
3207,Martin Stephens
3208,Martin Walsh
3209,Martita Hunt
3210,Marty Feldman
3211,Mary Astor
3212,Mary Ault
3213,Mary Badham
3214,Mary Beth Hughes
3215,Mary Beth Hurt
3216,Mary Crosby
3217,Mary Elizabeth Mastrantonio
3218,Mary Elizabeth Winstead
3219,Mary Fickett
3220,Mary Fuller
3221,Mary Gail Artz
3222,Mary Gregory
3223,Mary Kay Place
3224,Mary McCormack
3225,Mary McDonnell
3226,Mary Meade
3227,Mary Murphy
3228,Mary Nell Santacroce
3229,Mary Philbin
3230,Mary Steenburgen
3231,Mary Stuart Masterson
3232,Mary Tyler Moore
3233,Mary Ure
3234,Mary Woronov
3235,Mary-Kate Olsen
3236,Mary-Louise Parker
3237,Maryam Zaree
3238,Maryam d'Abo
3239,Masatoshi Nagase
3240,Mason Gamble
3241,Mathew Valencia
3242,Mathilda May
3243,Matt Clark
3244,Matt Craven
3245,Matt Damon
3246,Matt Dillon
3247,Matt Frewer
3248,Matt Long
3249,Matt McCoy
3250,Matthew Broderick
3251,Matthew Garber
3252,Matthew Laurance
3253,Matthew Lillard
3254,Matthew McConaughey
3255,Matthew Modine
3256,Matthew Perry
3257,Matthew Rhys
3258,Matthew Sunderland
3259,Maud Adams
3260,Maura Tierney
3261,Maureen Connell
3262,Maureen O'Hara
3263,Maureen O'Sullivan
3264,Maureen O`Sullivan
3265,Maureen O’Hara
3266,Maureen Stapleton
3267,Maureen Teefy
3268,Maurice Chevalier
3269,Maurice Denham
3270,Maurice Gibb
3271,Maurice Roëves
3272,Maury Chaykin
3273,Max Julien
3274,Max Perlich
3275,Max Wall
3276,Max von Sydow
3277,Maxi Nüchtern
3278,Maximilian Brückner
3279,Maximilian Schell
3280,Maxine Audley
3281,Maxwell Caulfield
3282,May McAvoy
3283,May Robson
3284,Maya Zapata
3285,Meat Loaf
3286,Meera Syal
3287,Meg Foster
3288,Meg Ryan
3289,Meg Tilly
3290,Megan Ward
3291,Mel Brooks
3292,Mel Ferrer
3293,Mel Gibson
3294,Mel Gorham
3295,Mel Harris
3296,Melanie Griffith
3297,Melanie Lynskey
3298,Melendy Britt
3299,Melina Mercouri
3300,Melinda Dillon
3301,Melinda McGraw
3302,Melissa Behr
3303,Melissa George
3304,Melissa Sue Anderson
3305,Melody Anderson
3306,Melvyn Douglas
3307,Mercedes Ruehl
3308,Meredith Baxter
3309,Merle Kennedy
3310,Merle Oberon
3311,Merrie Lynn Ross
3312,Mervyn Johns
3313,Meryl Streep
3314,Mia Farrow
3315,Mia Kirshner
3316,Mia Sara
3317,Michael A. Goorjian
3318,Michael Aherne
3319,"Michael Anderson, jr."
3320,Michael Ansara
3321,Michael Bates
3322,Michael Berryman
3323,Michael Biehn
3324,Michael Boatman
3325,Michael Bodnar
3326,Michael Burns
3327,Michael C. Williams
3328,Michael Caine
3329,Michael Callan
3330,Michael Caton
3331,Michael Chekhov
3332,Michael Chiklis
3333,Michael Clark
3334,Michael Clarke Duncan
3335,Michael Constantine
3336,Michael Craig
3337,Michael Crawford
3338,Michael D. Roberts
3339,Michael Dolan
3340,Michael Douglas
3341,Michael Dudikoff
3342,Michael Fassbender
3343,Michael Fox
3344,Michael Gambon
3345,Michael Goodliffe
3346,Michael Gough
3347,Michael Gwynn
3348,Michael Haley
3349,Michael Ironside
3350,Michael J. Fox
3351,Michael J. Pollard
3352,Michael Jackson
3353,Michael Jai White
3354,Michael Jayston
3355,Michael Jeter
3356,Michael Keaton
3357,Michael Kitchen
3358,Michael König
3359,Michael Landes
3360,Michael Legge
3361,Michael Lerner
3362,Michael Lonsdale
3363,Michael Madsen
3364,Michael Maloney
3365,Michael McKean
3366,Michael Moriarty
3367,Michael Murphy
3368,Michael Nouri
3369,Michael O'Keefe
3370,Michael Ontkean
3371,Michael O´Keefe
3372,Michael P. Moran
3373,Michael Palin
3374,Michael Parks
3375,Michael Paré
3376,Michael Pate
3377,Michael Patrick Carter
3378,Michael Rapaport
3379,Michael Redgrave
3380,Michael Reilly Burke
3381,Michael Rennie
3382,Michael Richards
3383,Michael Ripper
3384,Michael Robbins
3385,Michael Rooker
3386,Michael Rosenbaum
3387,Michael Sarne
3388,Michael Sarrazin
3389,Michael Schoeffling
3390,Michael Stefani
3391,Michael Strong
3392,Michael Thys
3393,Michael V. Gazzo
3394,Michael Vartan
3395,Michael Villella
3396,Michael Wilding
3397,Michael Wincott
3398,Michael Winslow
3399,Michael Wright
3400,Michael York
3401,Michael Zelniker
3402,Michaela Beck
3403,Michaela McManus
3404,Michel Auclair
3405,Michel Blanc
3406,Michel Piccoli
3407,Michel Subor
3408,Michelan Sisti
3409,Michele Dotrice
3410,Michele Lamar Richards
3411,Michele Lee
3412,Michelle Michaels
3413,Michelle Monaghan
3414,Michelle Pfeiffer
3415,Michelle Phillips
3416,Michelle Rodríguez
3417,Michelle Trachtenberg
3418,Michelle Williams
3419,Michelle Yeoh
3420,Michèle Girardon
3421,Michèle Laroque
3422,Mick Cain
3423,Mick Dillon
3424,Mick Jagger
3425,Mickey Rooney
3426,Mickey Rourke
3427,Mie Hama
3428,Mieczysław Marosek
3429,Miguel Ferrer
3430,Miho Kanno
3431,Mike Anscombe
3432,Mike Connors
3433,Mike Figgis
3434,Mike Henry
3435,Mike McGlone
3436,Mike Minett
3437,Mike Myers
3438,Mike Starr
3439,Mike Vitar
3440,Mikhail Boyarsky
3441,Mikhail Mamaev
3442,Miko Hughes
3443,Mildred Clinton
3444,Mildred Dunnock
3445,Mildred Natwick
3446,Miles Malleson
3447,Miles Mander
3448,Mili Avital
3449,Milla Jovovich
3450,Millie Perkins
3451,Milton Berle
3452,Mimi Rogers
3453,Ming-Na Wen
3454,Mira Sorvino
3455,Miranda Richardson
3456,Miriam Hopkins
3457,Miriam Isherwood
3458,Miriam Margolyes
3459,Mischa Barton
3460,Mitch Pileggi
3461,Mitch Ryan
3462,Mitchell Whitfield
3463,Moira Kelly
3464,Moira Shearer
3465,Molly Ringwald
3466,Molly Shannon
3467,Mona Freeman
3468,Mona McKinnon
3469,Mona Washbourne
3470,Monica Bellucci
3471,Monica Potter
3472,Monica Vitti
3473,Monika Kelly
3474,Montgomery Clift
3475,Morag McNee
3476,Morey Amsterdam
3477,Morgan Freeman
3478,Morgan Jones
3479,Morgan Woodward
3480,Morris Ankrum
3481,Morris Chestnut
3482,Morris Day
3483,Mort Shuman
3484,Moses Gunn
3485,Muriel Pavlow
3486,Murray Hamilton
3487,Murray Head
3488,Murvyn Vye
3489,Mykelti Williamson
3490,Mylène Demongeot
3491,Myrna Fahey
3492,Myrna Loy
3493,Mädchen Amick
3494,N!xau
3495,N'Bushe Wright
3496,Nan Grey
3497,Nance O'Neil
3498,Nancy Allen
3499,Nancy Fish
3500,Nancy Gates
3501,Nancy Kwan
3502,Nancy Kyes
3503,Nancy Olson
3504,Nancy Parsons
3505,Nancy Sinatra
3506,Nancy Travis
3507,Nastassja Kinski
3508,Nat Pendleton
3509,Natalia Borisova
3510,Natalie Bate
3511,Natalie Portman
3512,Natalie Trundy
3513,Natalie Wood
3514,Natascha McElhone
3515,Natasha Lyonne
3516,Natasha Richardson
3517,Natasha Wightman
3518,Natassia Malthe
3519,Nathan Bexton
3520,Nathan Fillion
3521,Nathan Lane
3522,Nathaniel Parker
3523,Natividad Abascal
3524,Naura Hayden
3525,Naveen Andrews
3526,Neal McDonough
3527,Ned Beatty
3528,Nehemiah Persoff
3529,Neil Dickson
3530,Neil Hamilton
3531,Neil Patrick Harris
3532,Nero Campbell
3533,Nesdon Booth
3534,Nestor Paiva
3535,Neva Patterson
3536,Neve Campbell
3537,Neville Brand
3538,Nguyen Ngoc Hiep
3539,Ni Ten
3540,Nia Long
3541,Nicholas Ball
3542,Nicholas Clay
3543,Nicholas Farrell
3544,Nicholas Pryor
3545,Nicholas Rowe
3546,Nicholle Tom
3547,Nick Apollo Forte
3548,Nick Brimble
3549,Nick Cassavetes
3550,Nick Cravat
3551,Nick Mancuso
3552,Nick Nolte
3553,Nick Reding
3554,Nick Stabile
3555,Nicky Katt
3556,Nicol Williamson
3557,Nicola Pagett
3558,Nicolai Cleve Broch
3559,Nicolas Bro
3560,Nicolas Cage
3561,Nicolas Coster
3562,Nicolas Wright
3563,Nicole Beharie
3564,Nicole Kidman
3565,Nicole Maurey
3566,Nicoletta Braschi
3567,Nicollette Sheridan
3568,Nigel Bruce
3569,Nigel Havers
3570,Nigel Hawthorne
3571,Nigel Patrick
3572,Nigel Terry
3573,Nikolaj Coster-Waldau
3574,Niles McMaster
3575,Nina von Pallandt
3576,Nipsey Russell
3577,Noah Emmerich
3578,Noah Hathaway
3579,Noel Coward
3580,Noel Francis
3581,Noel Willman
3582,Noley Thornton
3583,Nomadlozi Kubheka
3584,Norah Baring
3585,Norm MacDonald
3586,Norma Shearer
3587,Norman Alden
3588,Norman Bartold
3589,Norman Fell
3590,Norman Kerry
3591,Norman Lumsden
3592,Norman Reedus
3593,Nova Pilbeam
3594,Noémie Lvovsky
3595,O.P. Heggie
3596,Obba Babatundé
3597,Olga Baclanova
3598,Olga Georges-Picot
3599,Olga Karlatos
3600,Olin Howland
3601,Oliver Hardy
3602,Oliver Platt
3603,Oliver Pratt
3604,Oliver Reed
3605,Oliver Robins
3606,Oliver Tobias
3607,Olivia Barash
3608,Olivia Hussey
3609,Olivia Newton-John
3610,Olivia Williams
3611,Olivia d'Abo
3612,Olivia de Havilland
3613,Olympia Dukakis
3614,Om Puri
3615,Omar Epps
3616,Omar Sharif
3617,Omri Katz
3618,Ona Fletcher
3619,Onslow Stevens
3620,Oprah Winfrey
3621,Orlando Jones
3622,Orson Bean
3623,Orson Welles
3624,Oscar Levant
3625,Oskar Homolka
3626,Oskar Werner
3627,Ossie Davis
3628,Otis Young
3629,Otto Kruger
3630,Otto Preminger
3631,Otto Wernicke
3632,Owen Moore
3633,Owen Wilson
3634,Oyanka Cabezas
3635,P.J. Soles
3636,Paige Rowland
3637,Pam Grier
3638,Pamela Brown
3639,Pamela Duncan
3640,Pamela Franklin
3641,Pamela Reed
3642,Pamela Tiffin
3643,Pamela Toll
3644,Paris Hilton
3645,Parker Posey
3646,Parker Stevenson
3647,Pascale Bussières
3648,Pat Hingle
3649,Pat Morita
3650,Pat O'Brien
3651,Pat Sheehan
3652,Pat Thomson
3653,Patric Knowles
3654,Patrice Martinez
3655,Patricia Arquette
3656,Patricia Charbonneau
3657,Patricia Clarkson
3658,Patricia Jessel
3659,Patricia Morison
3660,Patricia Neal
3661,Patricia Quinn
3662,Patricia Roc
3663,Patricia Wettig
3664,Patrick Allen
3665,Patrick Bauchau
3666,Patrick Bergin
3667,Patrick Budal
3668,Patrick Cargill
3669,Patrick Field
3670,Patrick Horgan
3671,Patrick J. Adams
3672,Patrick Macnee
3673,Patrick Magee
3674,Patrick McGoohan
3675,Patrick Renna
3676,Patrick Stewart
3677,Patrick Swayze
3678,Patrick Tierney
3679,Patrick Van Horn
3680,Patrick Wilson
3681,Patrick Wymark
3682,Patsy Kensit
3683,Patti D'Arbanville
3684,Patti Love
3685,Patti LuPone
3686,Patty Duke
3687,Paul A. Partain
3688,Paul Benedict
3689,Paul Bettany
3690,Paul Birch
3691,Paul Blackthome
3692,Paul Burke
3693,Paul Cross
3694,Paul Dooley
3695,Paul Douglas
3696,Paul Dubov
3697,Paul Fix
3698,Paul Freeman
3699,Paul Giamatti
3700,Paul Guers
3701,Paul Hecht
3702,Paul Henreid
3703,Paul Hogan
3704,Paul Hubschmid
3705,Paul Kermack
3706,Paul Koslo
3707,Paul L. Smith
3708,Paul Linke
3709,Paul Lukas
3710,Paul Mantee
3711,Paul Massie
3712,Paul McCartney
3713,Paul McCrane
3714,Paul Mercurio
3715,Paul Meurisse
3716,Paul Muni
3717,Paul Newman
3718,Paul Richards
3719,Paul Robeson
3720,Paul Rudd
3721,Paul Sanchez
3722,Paul Schulze
3723,Paul Scofield
3724,Paul Sorvino
3725,Paul Stewart
3726,Paul Trinka
3727,Paul Walker
3728,Paul Winfield
3729,Paula E. Sheppard
3730,Paula Marshall
3731,Paula Prentiss
3732,Paula Raymond
3733,Paulette Goddard
3734,Pauly Shore
3735,Pearl Bailey
3736,Pee Wee Herman
3737,Peggy Ashcroft
3738,Peggy Cummins
3739,Peggy Dow
3740,Peggy Wood
3741,Penelope Allen
3742,Penelope Ann Miller
3743,Penelope Wilton
3744,Penn Badgley
3745,Penny Leatherbarrow
3746,Penny Singleton
3747,Penolope Wilton
3748,Penélope Cruz
3749,Percy Herbert
3750,Percy Marmont
3751,Perrette Pradier
3752,Perry King
3753,Perry Lopez
3754,Persis Khambatta
3755,Pete O'Herne
3756,Pete Postlethwaite
3757,Pete Seeger
3758,Pete Smith
3759,Peter Berg
3760,Peter Birrell
3761,Peter Bogdanovich
3762,Peter Boyle
3763,Peter Breck
3764,Peter Bull
3765,Peter Caffrey
3766,Peter Carsten
3767,Peter Coyote
3768,Peter Cushing
3769,Peter Davison
3770,Peter Dinklage
3771,Peter Dobson
3772,Peter Dvorsky
3773,Peter Facinelli
3774,Peter Falk
3775,Peter Finch
3776,Peter Firth
3777,Peter Fonda
3778,Peter Frampton
3779,Peter Friedman
3780,Peter Gallagher
3781,Peter Graves
3782,Peter Greene
3783,Peter Jeffrey
3784,Peter Lawford
3785,Peter Lind Hayes
3786,Peter Lorre
3787,Peter MacNicol
3788,Peter McDonald
3789,Peter McEnery
3790,Peter Mullan
3791,Peter Murray-Hill
3792,Peter O'Farrell
3793,Peter O'Toole
3794,Peter Riegert
3795,Peter Sarsgaard
3796,Peter Sellers
3797,Peter Stormare
3798,Peter Ustinov
3799,Peter Vaughan
3800,Peter Weller
3801,Peter Wyngarde
3802,Phil Brown
3803,Phil Daniels
3804,Phil Hartman
3805,Phil Spector
3806,Philip Bosco
3807,Philip Davis
3808,Philip Dorn
3809,Philip Seymour Hoffman
3810,Philippe Clévenot
3811,Philippe Leroy
3812,Philippe Léotard
3813,Philippe Noiret
3814,Phillip Alford
3815,Phillip Reed
3816,Phoebe Augustine
3817,Phoebe Brand
3818,Phoebe Cates
3819,Phylicia Rashad
3820,Phyllis Diller
3821,Pia Tjelta
3822,Pier Angeli
3823,Pierce Brosnan
3824,Pierre Brice
3825,Piper Laurie
3826,Piper Perabo
3827,Pola Negri
3828,Polly Bergen
3829,Polly Walker
3830,Porter Hall
3831,Powers Boothe
3832,Prashant Nanda
3833,Prince
3834,Priscilla Lane
3835,Prunella Gee
3836,Prunella Scales
3837,Queen Latifah
3838,Quentin Crisp
3839,Quentin Tarantino
3840,R. Lee Ermey
3841,R.D. Call
3842,R.G. Armstrong
3843,Rachael Crawford
3844,Rachael Leigh Cook
3845,Rachel Friend
3846,Rachel Griffiths
3847,Rachel Hayward
3848,Rachel McAdams
3849,Rachel Roberts
3850,Rachel Thomas
3851,Rachel Ticotin
3852,Rachel True
3853,Rachel Ward
3854,Rachel Weisz
3855,Rade Šerbedžija
3856,Radha Mitchell
3857,Rae Dawn Chong
3858,Raf Vallone
3859,Ralph Bellamy
3860,Ralph Fiennes
3861,Ralph Macchio
3862,Ralph Meeker
3863,Ralph Richardson
3864,Ralph Waite
3865,Randall Batinkoff
3866,Randee Heller
3867,Randolph Scott
3868,Randy Brooks
3869,Randy Quaid
3870,Raoul Bhaneja
3871,Raquel Torres
3872,Raquel Welch
3873,Ras Daniel Hartman
3874,Raul Julia
3875,Rawle D. Lewis
3876,Ray Allen
3877,Ray Barrett
3878,Ray Bolger
3879,Ray Liotta
3880,Ray McAnally
3881,Ray Milland
3882,Ray Walston
3883,Ray Winstone
3884,Ray Wise
3885,Raymond Burr
3886,Raymond J. Barry
3887,Raymond J. Berry
3888,Raymond Massey
3889,Reba McEntire
3890,Rebecca Callard
3891,Rebecca De Mornay
3892,Rebecca Gayheart
3893,Rebecca Wood
3894,Red Buttons
3895,Redd Foxx
3896,Reese Witherspoon
3897,Reeve Carney
3898,Reg Varney
3899,Reggie Bannister
3900,Reggie Lee
3901,Regina King
3902,Reginald Denny
3903,Reginald Gardiner
3904,Reginald Owen
3905,Reginald VelJohnson
3906,Rena Owen
3907,Renate Kanthack
3908,Rene Auberjonois
3909,Rene Russo
3910,Reni Santoni
3911,Renji Ishibashi
3912,Renno Russo
3913,Renée Zellweger
3914,Rex Harrison
3915,Rex Reason
3916,Rhea Perlman
3917,Rhonda Fleming
3918,Rhys Ifans
3919,Ricardo Montalban
3920,Richard 'Skeets' Gallagher
3921,Richard A. Harris
3922,Richard Anconina
3923,Richard Arlen
3924,Richard Attenborough
3925,Richard B. Shull
3926,Richard Backus
3927,Richard Basehart
3928,Richard Benjamin
3929,Richard Beymer
3930,Richard Boes
3931,Richard Bohringer
3932,Richard Bradford
3933,Richard Briars
3934,Richard Briers
3935,Richard Bull
3936,Richard Burton
3937,Richard Carlson
3938,Richard Chamberlain
3939,Richard Conte
3940,Richard Cox
3941,Richard Crenna
3942,Richard Crenne
3943,Richard Davalos
3944,Richard DeManincor
3945,Richard Deacon
3946,Richard Denning
3947,Richard Devon
3948,Richard Dix
3949,Richard Donat
3950,Richard Dreyfuss
3951,Richard Dust
3952,Richard E. Grant
3953,Richard Edson
3954,Richard Egan
3955,Richard Elfyn
3956,Richard Farnsworth
3957,Richard Gaines
3958,Richard Garland
3959,Richard Gere
3960,Richard Griffiths
3961,Richard Harris
3962,Richard Hatch
3963,Richard Hunt
3964,Richard Jaeckel
3965,Richard Jenkins
3966,Richard Johnson
3967,Richard Jordan
3968,Richard Kiel
3969,Richard Lane
3970,Richard Lewis
3971,Richard Libertini
3972,Richard Marcus
3973,Richard Masur
3974,Richard McCabe
3975,Richard Moir
3976,Richard Murdoch
3977,Richard Ney
3978,Richard O'Brien
3979,Richard Pryor
3980,Richard Rober
3981,Richard Roundtree
3982,Richard Roxburgh
3983,Richard S. Castellano
3984,Richard Schiff
3985,Richard T. Jones
3986,Richard Todd
3987,Richard Tyson
3988,Richard Ward
3989,Richard Warwick
3990,Richard Wattis
3991,Richard Widmark
3992,Richard Wilson
3993,Richard Wyler
3994,Rick Aviles
3995,Rick Kunzi
3996,Rick Moranis
3997,Rick Rossovich
3998,Rick Scully
3999,Ricki Lake
4000,Ricky Nelson
4001,Ricky Tomlinson
4002,Rico Alaniz
4003,Rik Mayall
4004,Ringo Starr
4005,Rip Torn
4006,Rita Hayworth
4007,Rita Johnson
4008,Rita Tushingham
4009,Rita Wilson
4010,River Phoenix
4011,Rob Lowe
4012,Rob Morrow
4013,Rob Reiner
4014,Rob Schneider
4015,Robbie Coltrane
4016,Robert Arevalo
4017,Robert Arkins
4018,Robert Armstrong
4019,Robert Ayres
4020,Robert Bailey
4021,Robert Beltran
4022,Robert Blake
4023,Robert Brown
4024,Robert Carlyle
4025,Robert Carradine
4026,Robert Conrad
4027,Robert Cornthwaite
4028,Robert Cummings
4029,Robert De Niro
4030,Robert Deman
4031,Robert DoQui
4032,Robert Donat
4033,Robert Douglas
4034,Robert Downey Jr.
4035,Robert Duvall
4036,Robert Englund
4037,Robert Flemyng
4038,Robert Forster
4039,Robert Foxworth
4040,Robert Fuller
4041,Robert Guillaume
4042,Robert Hays
4043,Robert Hutton
4044,Robert Jayne
4045,Robert John Burke
4046,Robert Keith
4047,Robert Knott
4048,Robert Lansing
4049,Robert Logan
4050,Robert Loggia
4051,Robert MacNaughton
4052,Robert Mitchum
4053,Robert Montgomery
4054,Robert Morley
4055,Robert Morris
4056,Robert Newton
4057,Robert Oliveri
4058,Robert Pastorelli
4059,Robert Patrick
4060,Robert Pattinson
4061,Robert Powell
4062,Robert Preston
4063,Robert Prosky
4064,Robert Quarry
4065,Robert Redford
4066,Robert Ridgely
4067,Robert Ryan
4068,Robert Sansom
4069,Robert Sean Leonard
4070,Robert Shaw
4071,Robert Stack
4072,Robert Stephens
4073,Robert Strauss
4074,Robert Taylor
4075,Robert Townsend
4076,Robert Urich
4077,Robert Urquhart
4078,Robert Vaughn
4079,Robert Wagner
4080,Robert Walker
4081,Robert Webber
4082,Robert Young
4083,Roberta Maxwell
4084,Roberto Benigni
4085,Roberts Blossom
4086,Robin Bartlett
4087,Robin Burrows
4088,Robin Gibb
4089,Robin Givens
4090,Robin Shou
4091,Robin Stille
4092,Robin Tunney
4093,Robin Williams
4094,Robin Wright Penn
4095,Rocco Siffredi
4096,Rochelle Davis
4097,Rock Hudson
4098,Rocky Carroll
4099,Rod Mullinar
4100,Rod Steiger
4101,Rod Taylor
4102,Roddy McDowall
4103,Roddy Piper
4104,Rodney A. Grant
4105,Rodney Dangerfield
4106,Rodney Eastman
4107,Rodney Mullen
4108,Rodolfo De Alexandre
4109,Roger Daltrey
4110,Roger E. Mosley
4111,Roger Hanin
4112,Roger Livesey
4113,Roger Moore
4114,Roger Rees
4115,Rohini Hattangadi
4116,Roma Maffia
4117,Roman Polański
4118,Romany Malco
4119,Romolo Valli
4120,Romy Schneider
4121,Ron Eldard
4122,Ron Howard
4123,Ron Livingston
4124,Ron Moody
4125,Ron Perlman
4126,Ron Randell
4127,Ron Rich
4128,Ron Rifkin
4129,Ron Silver
4130,Ronald Adam
4131,Ronald Allen
4132,Ronald Colman
4133,Ronald Lacey
4134,Ronald Leigh-Hunt
4135,Ronald Lewis
4136,Ronee Blakley
4137,Ronny Cox
4138,Rory Calhoun
4139,Rory Cochrane
4140,Rosalind Cash
4141,Rosalind Russell
4142,Rosanna Arquette
4143,Rosanna DeSoto
4144,Rosario Dawson
4145,Roscoe Ates
4146,Roscoe Karns
4147,Roscoe Lee Browne
4148,Rose Byrne
4149,Rose Hacker
4150,Rose Marie
4151,Rose McGowan
4152,Rose Stradner
4153,Roseanne Barr
4154,Rosemary Clooney
4155,Rosemary DeCamp
4156,Rosemary Forsyth
4157,Rosemary Leach
4158,Rosemary Murphy
4159,Roshan Seth
4160,Rosie O'Donnell
4161,Rosie Perez
4162,Ross Malinger
4163,Rossano Brazzi
4164,Rowan Atkinson
4165,Roxanne Hart
4166,Roy Butler
4167,Roy Chiao
4168,Roy Crewsdon
4169,Roy Dotrice
4170,Roy Dupuis
4171,Roy Orbison
4172,Roy Scheider
4173,Ruby Dee
4174,Ruby Keeler
4175,Rubén Blades
4176,Rufus Sewell
4177,Rupert Everett
4178,Rupert Graves
4179,Russ Tamblyn
4180,Russell Brand
4181,Russell Crowe
4182,Russell Johnson
4183,Russell Means
4184,Russell Wong
4185,Rusty Schwimmer
4186,Rutger Hauer
4187,Ruth Chatterton
4188,Ruth Gemmell
4189,Ruth Gordon
4190,Ruth Hussey
4191,Ruth Marshall
4192,Ruth Nelson
4193,Ruth Roman
4194,Ruth Warrick
4195,Ruth White
4196,Ryan Gosling
4197,Ryan O'Neal
4198,Ryan O`Neal
4199,Ryan Phillippe
4200,Ryan Reynolds
4201,Ryann Davey
4202,Ryo Kase
4203,Ryuichi Sakamoto
4204,S. Z. Sakall
4205,Sabrina Scharf
4206,Sabu
4207,Saeed Jaffrey
4208,Saffron Burrows
4209,Sagamore Stévenin
4210,Sage Stallone
4211,Sal Lopez
4212,Sal Mineo
4213,Sally Ann Howes
4214,Sally Field
4215,Sally Forest
4216,Sally Forrest
4217,Sally Fraser
4218,Sally Hawkins
4219,Sally Kellerman
4220,Sally Kirkland
4221,Salma Hayek
4222,Sam Elliott
4223,Sam J. Jones
4224,Sam Jaffe
4225,Sam Neill
4226,Sam Riley
4227,Sam Robards
4228,Sam Rockwell
4229,Sam Shepard
4230,Sam Wanamaker
4231,Sam Waterston
4232,Sam Worthington
4233,Samantha Eggar
4234,Samantha Lavigne
4235,Samantha Mathis
4236,Sami Frey
4237,Sammi Kraft
4238,Sammy Davis Jr.
4239,Samson Jorah
4240,Samuel E. Wright
4241,Samuel L. Jackson
4242,Samuel Page
4243,Samuel Roukin
4244,Samuel S. Hinds
4245,Samuel West
4246,Samy Naceri
4247,Sanaa Lathan
4248,Sandahl Bergman
4249,Sandor Eles
4250,Sandra Bernhard
4251,Sandra Bullock
4252,Sandra Dee
4253,Sandra Prinsloo
4254,Sandrine Holt
4255,Sandy Baron
4256,Sandy Dennis
4257,Sanford Mitchell
4258,Sara Allgood
4259,Sara Gilbert
4260,Sara Kestelmann
4261,Sara Shane
4262,Sarah Berry
4263,Sarah Henderson
4264,Sarah Jessica Parker
4265,Sarah Michelle Gellar
4266,Sarah Miles
4267,Sarah Patterson
4268,Sarah Peirse
4269,Sarah Polley
4270,Sarah Rowland Doroff
4271,Sarel Bok
4272,Sarita Khajuria
4273,Sasha Jenson
4274,Saskia Reeves
4275,Satish Kaushik
4276,Saul Rabnek (doppelt)
4277,Saul Rubinek
4278,Saul Stein
4279,Saundra Santiago
4280,Scarlett Johansson
4281,Scatman Crothers
4282,Scott Baio
4283,Scott Brady
4284,Scott Caan
4285,Scott Glenn
4286,Scott Grimes
4287,Scott H. Reiniger
4288,Scott Porter
4289,Scott Wolf
4290,Sean Astin
4291,Sean Barry-Weske
4292,Sean Bean
4293,Sean Bury
4294,Sean Chapman
4295,Sean Combs
4296,Sean Connery
4297,Sean Kenney
4298,Sean Nelson
4299,Sean Patrick Flanery
4300,Sean Penn
4301,Sean Young
4302,Season Hubley
4303,Sebastian Becker
4304,Sebastian Cabot
4305,Sela Ward
4306,Selena Royle
4307,Selma Blair
4308,Senta Berger
4309,Serena Grandi
4310,Sessue Hayakawa
4311,Seth Green
4312,Seth Meyers
4313,Seymour Cassel
4314,Sgt. Ben Peterson
4315,Shalom Harlow
4316,Shane
4317,Shane Briant
4318,Shannen Doherty
4319,Shannon Tweed
4320,Shaquille O'Neal
4321,Shari Hall
4322,Sharon Acker
4323,Sharon Farrell
4324,Sharon Gless
4325,Sharon Stone
4326,Sharon Tate
4327,Sharon Taylor
4328,Sharron Corley
4329,Shaun Parkes
4330,Shaun Sipos
4331,Shawn Carson
4332,Shawn Hatosy
4333,Shay Astar
4334,Sheila Kelley
4335,Sheila Rosenthal
4336,Sheila Sim
4337,Sheila Tousey
4338,Sheldon Peters Wolfchild
4339,Shelley Duvall
4340,Shelley Long
4341,Shelley Winters
4342,Shepperd Strudwick
4343,Sheree J. Wilson
4344,Sherilyn Fenn
4345,Sheryl Lee
4346,Sheryl Lee Ralph
4347,Shirley Anne Field
4348,Shirley Eaton
4349,Shirley Henderson
4350,Shirley MacLaine
4351,Shirley Stelfox
4352,Shirley Stoler
4353,Shirley Temple
4354,Sid Caesar
4355,Sidney Blackmer
4356,Sidney Fox
4357,Sidney James
4358,Sidney Poitier
4359,Sidney Toler
4360,Siegfried Rauch
4361,Sienna Miller
4362,Sig Ruman
4363,Sigourney Weaver
4364,Simon Billig
4365,Simon Callow
4366,Simon Ferry
4367,Simon Lack
4368,Simon MacCorkindale
4369,Simon McBurney
4370,Simon O'Connor
4371,Simon Russell Beale
4372,Simon Ward
4373,Simone Griffeth
4374,Simone Signoret
4375,Simone Simon
4376,Sinbad
4377,Siobhan Fallon
4378,Siobhan McKenna
4379,Sir Cedrick Hardwicke
4380,Sir Ian McKellen
4381,Sissy Spacek
4382,Siân Phillips
4383,Skeet Ulrich
4384,Skip Homeier
4385,Skye Aubrey
4386,Slim Pickens
4387,Sondra Locke
4388,Sonia Braga
4389,Sonia Todd
4390,Sonja Henie
4391,Sonja Smits
4392,Sonny Landham
4393,Sonny Tufts
4394,Soon-Tek Oh
4395,Sophia Bush
4396,Sophia Loren
4397,Sophie Lee
4398,Sophie Marceau
4399,Sophie Ward
4400,Spalding Gray
4401,Spencer Breslin
4402,Spencer Tracy
4403,Spike Jonze
4404,Spike Lee
4405,Spiros Focás
4406,Sriram Panda
4407,Stacey Dash
4408,Stacey Pickren
4409,Stacey Travis
4410,Staci Keanan
4411,Stacy Edwards
4412,Stacy Keach
4413,Stacy Peralta
4414,Stan Gottlieb
4415,Stan Haze
4416,Stan Laurel
4417,Stan Shaw
4418,Stanley Baker
4419,Stanley Holloway
4420,Stanley Maxted
4421,Stanley Swerdlow
4422,Stanley Tucci
4423,Starletta DuPois
4424,Stathis Giallelis
4425,Stefanie Powers
4426,Stella Stevens
4427,Stellan Skarsgård
4428,Stephane Gauger
4429,Stephanie Faracy
4430,Stephanie McVay
4431,Stephanie Sawyer
4432,Stephen Archibald
4433,Stephen Baldwin
4434,Stephen Boyd
4435,Stephen Collins
4436,Stephen Curry
4437,Stephen Dillane
4438,Stephen Dorff
4439,Stephen Fry
4440,Stephen Lack
4441,Stephen Lang
4442,Stephen MacKenna
4443,Stephen Macht
4444,Stephen Mendillo
4445,Stephen Peace
4446,Stephen Rea
4447,Stephen Root
4448,Stephen Tobolowsky
4449,Stephen Tompkinson
4450,Stephen Young
4451,Sterling Hayden
4452,Steve Bisley
4453,Steve Brodie
4454,Steve Buscemi
4455,Steve Carell
4456,Steve Cochran
4457,Steve Davis
4458,Steve Forrest
4459,Steve Guttenberg
4460,Steve Holland
4461,Steve Huison
4462,Steve James
4463,Steve Lawrence
4464,Steve Marachuk
4465,Steve Martin
4466,Steve McQueen
4467,Steve Railsback
4468,Steve Sandor
4469,Steve Whitmire
4470,Steve Zahn
4471,Steven Bauer
4472,Steven Berkoff
4473,Steven Marlo
4474,Steven Pasquale
4475,Steven Seagal
4476,Steven Waddington
4477,Steven Warner
4478,Steven Weber
4479,Steven Williams
4480,Stewart Granger
4481,Stockard Channing
4482,Stringer Davis
4483,Strother Martin
4484,Stuart Townsend
4485,Stuart Whitman
4486,Stuart Wilson
4487,Stéphanie Michelini
4488,Sue Casey
4489,Sue Lyon
4490,Sugar Ray Leonard
4491,Susan Cabot
4492,Susan Clark
4493,Susan Damante
4494,Susan Denberg
4495,Susan Fleetwood
4496,Susan George
4497,Susan Harrison
4498,Susan Hart
4499,Susan Hayward
4500,Susan Hogan
4501,Susan Kellerman
4502,Susan Lynch
4503,Susan Sarandon
4504,Susan Sennett
4505,Susan Strasberg
4506,Susan Swift
4507,Susan Tyrrell
4508,Susan Ursitti
4509,Susannah York
4510,Susanne Benton
4511,Susanne Lothar
4512,Susie Ann Watkins
4513,Susie Porter
4514,Suzanna Leigh
4515,Suzanne Flon
4516,Suzanne Pleshette
4517,Suzanne Snyder
4518,Suzy Amis
4519,Swoosie Kurtz
4520,Sy Richardson
4521,Sydney Greenstreet
4522,Sylva Koscina
4523,Sylvester Stallone
4524,Sylvia Kristel
4525,Sylvia Kuumba Williams
4526,Sylvia Miles
4527,Sylvia Sidney
4528,Sylvia Syms
4529,Sô Yamamura
4530,T.K. Carter
4531,T.P. McKenna
4532,Tab Hunter
4533,Tabitha Lupien
4534,Tai Thai
4535,Tak Sakaguchi
4536,Takeshi Kitano
4537,Talia Shire
4538,Tallulah Bankhead
4539,Talya Gordon
4540,Tamara Dobson
4541,Tami Stronach
4542,Tammy Lauren
4543,Tammy McIntosh
4544,Tandi Wright
4545,Tannishtha Chatterjee
4546,Tantoo Cardinal
4547,Tanya Fenmore
4548,Tanya Roberts
4549,Tara Fitzgerald
4550,Tara Morice
4551,Tara Reid
4552,Tara Subkoff
4553,Taryn Manning
4554,Tasmin West
4555,Tate Donovan
4556,Tatsuya Mihashi
4557,Tatum O'Neal
4558,Tawny Kitaen
4559,Taye Diggs
4560,Taylor Lautner
4561,Tchéky Karyo
4562,Ted Danson
4563,Ted Knight
4564,Ted Levine
4565,Ted Neeley
4566,Ted Ross
4567,Ted Sorel
4568,Telly Savalas
4569,Temuera Morrison
4570,Tencho Gyalpo
4571,Tenzin Thuthob Tsarong
4572,Terence Bayler
4573,Terence Knox
4574,Terence Morgan
4575,Terence Stamp
4576,Terence Stramp
4577,Teresa Wright
4578,Teri Garr
4579,Teri Hatcher
4580,Terrence Howard
4581,Terrence Mann
4582,Terri Susan Smith
4583,Terry Alexander
4584,Terry Camilleri
4585,Terry Kinney
4586,Terry Kiser
4587,Terry Potter
4588,Terry-Thomas
4589,Thalmus Rasulala
4590,Thandie Newton
4591,Thelma Ritter
4592,Thelma Todd
4593,Theo Maassen
4594,Theodore Bikel
4595,Theresa Russell
4596,Thomas Coley
4597,Thomas G. Waites
4598,Thomas Gibson
4599,Thomas Gomez
4600,Thomas Haden Church
4601,Thomas Ian Griffith
4602,Thomas Ian Nicholas
4603,Thomas Jane
4604,Thomas Mitchell
4605,Thomas Tierney
4606,Thora Birch
4607,Thora Hird
4608,Thorley Walters
4609,Tia Carrere
4610,Tiffany Gail Robinson
4611,Til Schweiger
4612,Tilda Swinton
4613,Tim Allen
4614,Tim Bagley
4615,Tim Conway
4616,Tim Curry
4617,Tim Daly
4618,Tim Gail
4619,Tim Henry
4620,Tim Herbert
4621,Tim Holt
4622,Tim Matheson
4623,Tim McIntire
4624,Tim Meadows
4625,Tim Robbins
4626,Tim Roth
4627,Tim Rozon
4628,Tim Thomerson
4629,Timothy Bottoms
4630,Timothy Busfield
4631,Timothy Carhart
4632,Timothy Dalton
4633,Timothy Hutton
4634,Timothy Olyphant
4635,Timothy Spall
4636,Timothy Van Patten
4637,Tina Aumont
4638,Tina Holmes
4639,Tina Louise
4640,Tina Majorino
4641,Tina Turner
4642,Tippi Hedren
4643,Tisa Farrow
4644,Tobey Maguire
4645,Toby Robins
4646,Tod Slaughter
4647,Todd Graff
4648,Tom Arnold
4649,Tom Atkins
4650,Tom Baker
4651,Tom Berenger
4652,Tom Bosley
4653,Tom Burlinson
4654,Tom Butler
4655,Tom Chapin
4656,Tom Charlfa
4657,Tom Conti
4658,Tom Courtenay
4659,Tom Cruise
4660,Tom Drake
4661,Tom Everett Scott
4662,Tom Ewell
4663,Tom Felton
4664,Tom Gaman
4665,Tom Guiry
4666,Tom Hanks
4667,Tom Helmore
4668,Tom Hiddleston
4669,Tom Hulce
4670,Tom Irwin
4671,Tom Keene
4672,Tom McCamus
4673,Tom Naylor
4674,Tom Neal
4675,Tom Petty
4676,Tom Poston
4677,Tom Savini
4678,Tom Selleck
4679,Tom Sizemore
4680,Tom Skerritt
4681,Tom Stern
4682,Tom Tryon
4683,Tom Waits
4684,Tom Welling
4685,Tom Wilkinson
4686,Tom Wright
4687,Tommy 'Tiny' Lister
4688,Tommy Bone
4689,Tommy Chong
4690,Tommy Flanagan
4691,Tommy Lee Jones
4692,Tommy Rall
4693,Tommy Rettig
4694,Tommy Strasz
4695,Tone Loc
4696,Toni Collette
4697,Toni Kalem
4698,Tony Barry
4699,Tony Becker
4700,Tony Curtis
4701,Tony Doyle
4702,Tony Goldwyn
4703,Tony Hawk
4704,Tony Lo Bianco
4705,Tony Martin
4706,Tony Mascia
4707,Tony Randall
4708,Tony Roberts
4709,Tony Shalhoub
4710,Tony Todd
4711,Topol
4712,Torin Thatcher
4713,Toshirô Mifune
4714,Touriya Haoud
4715,Tracey Ullman
4716,Tracey Walter
4717,Tran Manh Cuong
4718,Travis Tedford
4719,Treat Williams
4720,Trevor Howard
4721,Trevor Steedman
4722,Trey Wilson
4723,Tricia O'Neil
4724,Tricia Vessey
4725,Trini Alvarado
4726,Trish Van Devere
4727,Tristán Ulloa
4728,Troy Donahue
4729,Trudy Marshall
4730,Truman Capote
4731,Tsewang Migyur Khangsar
4732,Tuesday Knight
4733,Tuesday Weld
4734,Tung Thanh Tran
4735,Tupac Shakur
4736,Tura Satana
4737,Tusse Silberg
4738,Ty Hardin
4739,Tyne Daly
4740,Tyra Ferrell
4741,Tyrin Turner
4742,Tyrone Power
4743,Tzi Ma
4744,Téa Leoni
4745,Udo Kier
4746,Ulrich Mühe
4747,Ulrich Noethen
4748,Uma Thurman
4749,Una Merkel
4750,Upendra Limaye
4751,Ursula Andress
4752,Ursula Weiss
4753,Val Kilmer
4754,Valentina Cortese
4755,Valeri Nikolayev
4756,Valeria Golino
4757,Valerie Buhagiar
4758,Valerie Cruz
4759,Valerie Gearon
4760,Valerie Hobson
4761,Valerie Perrine
4762,Valérie Benguigui
4763,Valérie Kaprisky
4764,Van Heflin
4765,Van Johnson
4766,Vanda Godsell
4767,Vanessa Angel
4768,Vanessa L. Williams
4769,Vanessa Lee Chester
4770,Vanessa Redgrave
4771,Vanity
4772,Veerendra Saxena
4773,Vera Ellen
4774,Vera Farmiga
4775,Vera Miles
4776,Verna Bloom
4777,Verna Felton
4778,Vernon Downing
4779,Vernon Wells
4780,Veronica Carlson
4781,Veronica Cartwright
4782,Veronica Hart
4783,Veronica Lake
4784,Vic Damone
4785,Vicki Frederick
4786,Vicki Lewis
4787,Vicky Tiu
4788,Victor Argo
4789,Victor Buono
4790,Victor Jory
4791,Victor Lundin
4792,Victor Mature
4793,Victor McLaglen
4794,Victor Slezak
4795,Victor Spinetti
4796,Victor Wong
4797,Victoria Davis
4798,Victoria Jackson
4799,Victoria Longley
4800,Victoria Medlin
4801,Victoria Tennant
4802,Vidal Peterson
4803,Viggo Mortensen
4804,Vin Diesel
4805,Vince Edwards
4806,Vince Vaughn
4807,Vincent D'Onofrio
4808,Vincent Gardenia
4809,Vincent Klyn
4810,Vincent Perez
4811,Vincent Price
4812,Vincent Spano
4813,Vincent Van Patten
4814,Vinessa Shaw
4815,Ving Rhames
4816,Viola Davis
4817,Vira Montes
4818,Virginia Bruce
4819,Virginia Grey
4820,Virginia Madsen
4821,Virginia Mayo
4822,Virginia Walker
4823,Virna Lisi
4824,Vittorio De Sica
4825,Vittorio Gassman
4826,Vivean Gray
4827,Vivian Pickles
4828,Vivica A. Fox
4829,Vivien Leigh
4830,Vivien Merchant
4831,Vladimir Kulich
4832,Vladimir Radian
4833,Vladimir Sokoloff
4834,Vladimir Vdovichenkov
4835,Vonetta McGee
4836,Véra Clouzot
4837,W.C. Fields
4838,Wade Dominguez
4839,Walker Jones
4840,Wallace Beery
4841,Wallace Ford
4842,Wallace Shawn
4843,Walter Barnes
4844,Walter Brennan
4845,Walter Connolly
4846,Walter Fitzgerald
4847,Walter Hampden
4848,Walter Huston
4849,Walter Matthau
4850,Walter Pidgeon
4851,Ward Bond
4852,Ward Costello
4853,Warner Baxter
4854,Warner Oland
4855,Warren Ball
4856,Warren Beatty
4857,Warren Clarke
4858,Warren Oates
4859,Warren Stevens
4860,Warwick Davis
4861,Weird Al Yankovic
4862,Wendel Meldrum
4863,Wendell Corey
4864,Wendell Pierce
4865,Wendy Allnutt
4866,Wendy Crewson
4867,Wendy Gazelle
4868,Wendy Hiller
4869,Wendy Makkena
4870,Wes Bentley
4871,Wesley Addy
4872,Wesley Snipes
4873,Whitney Houston
4874,Whoopi Goldberg
4875,Wil Wheaton
4876,Wiley Wiggins
4877,Wilford Brimley
4878,Wilfred Lucas
4879,Wilfred Pickles
4880,Wilfrid Hyde-White
4881,Will Arnett
4882,Will Ferrell
4883,Will Geer
4884,Will Hutchins
4885,Will Patton
4886,Will Sampson
4887,Will Smith
4888,Willem Dafoe
4889,William Atherton
4890,William Baldwin
4891,William Bendix
4892,William Carroll
4893,William Conrad
4894,William Daniels
4895,William Demarest
4896,William Devane
4897,William Dulaney
4898,William E. Arnold Jr.
4899,William Elliott
4900,William Fichtner
4901,William Finley
4902,William Forsythe
4903,William H. Macy
4904,William Harrigan
4905,William Hartnell
4906,William Hickey
4907,William Holden
4908,William Hootkins
4909,William Hopper
4910,William Hurt
4911,William Katt
4912,William Kerwin
4913,William Lundigan
4914,William McNamara
4915,William Mervyn
4916,William Morgan Sheppard
4917,William O'Leary
4918,William Petersen
4919,William Powell
4920,William Prince
4921,William Ragsdale
4922,William Redfield
4923,William Reynolds
4924,William Richert
4925,William Roerick
4926,William Russ
4927,William Sadler
4928,William Sanderson
4929,William Shatner
4930,William Smith
4931,William Snape
4932,William Swan
4933,William Takaku
4934,William Vail
4935,William Windom
4936,Willie Nelson
4937,Willow Smith
4938,Wilson Cruz
4939,Wilt Chamberlain
4940,Wings Hauser
4941,Winona Ryder
4942,Wojciech Pszoniak
4943,Wolfgang Bodison
4944,Wolfgang Preiss
4945,Wolfman Jack
4946,Woodrow Parfrey
4947,Woody Allen
4948,Woody Harrelson
4949,Woody Strode
4950,Wyatt Knight
4951,Xander Berkeley
4952,Yale Wexler
4953,Yamil Borges
4954,Yancy Butler
4955,Yaphet Kotto
4956,Yasmine Belmadi
4957,Ye Liu
4958,Yoko Tani
4959,Yorgo Voyagis
4960,Youki Kudoh
4961,Yul Brunner
4962,Yul Brynner
4963,Yun-ah Song
4964,Yves Afonso
4965,Yves Beneyton
4966,Yves Lavigne
4967,Yvette Mimieux
4968,Yvette Nipar
4969,Yvonne Craig
4970,Yvonne De Carlo
4971,Yvonne Elliman
4972,Yvonne Furneaux
4973,Yvonne Zima
4974,Zach Galifianakis
4975,Zach Galligan
4976,Zachary David Cope
4977,Zachary Ittimangnaq
4978,Zachary Knighton
4979,Zachary Mabry
4980,Zachary Scott
4981,Zack Norman
4982,Zakes Mokae
4983,Zeppo Marx
4984,Zoe Saldana
4985,Zohra Lampert
4986,Zooey Deschanel
